Workbook
Name PT_Heat: 'Pivot Report SHEET '!$A$11
Name PT_TIME: 'Pivot Report SHEET '!$A$21
Name PT_Trend: 'Pivot Report SHEET '!$H$3
Name Slicer_Month: #N/A
Name Slicer_Year: #N/A
Name Slicer_Year1: #N/A

Sheet Raw Data(Hospital Room)
A1: Patient Id | B1: Patient Admission Date | C1: Patient Gender | D1: Patient Age | E1: Patient Race | F1: Department Referral | G1: Patient Admission Flag | H1: Patient Satisfaction Score | I1: Patient Waittime | J1: Patient Admission Flag2 | K1: Year | L1: Month | M1: Weekday | N1: Time block | O1: Agegroup | P1: WaitBand | Q1: WithinTarget | R1: Admitted Flag | S1: Satiesfied Flag | T1: Gender Clean
A2: P0001 | B2: 45371.366 | C2: M | D2: 69 | E2: White | F2: None | G2: FALSE | H2: 10 | I2: 39 | J2: FALSE | K2: =YEAR(Table1[[#This Row],[Patient Admission Date]]) -> 2024 | L2: =TEXT(Table1[[#This Row],[Patient Admission Date]],"mmm") -> Mar | M2: =TEXT(Table1[[#This Row],[Patient Admission Date]],"ddd") -> Wed | N2: =TEXT(INT(HOUR(Table1[[#This Row],[Patient Admission Date]])/3)*3,"00")&"-"&TEXT(INT(HOUR(Table1[[#This Row],[Patient Admission Date]])/3)*3+3,"00") -> 06-09 | O2: {=_xlfn.IFS(Table1[[#This Row],[Patient Age]]<=14,"0-14",Table1[[#This Row],[Patient Age]]<=29,"15-29",Table1[[#This Row],[Patient Age]]<=44,"30-44",Table1[[#This Row],[Patient Age]]<=59,"45-59",Table1[[#This Row],[Patient Age]]<=74,"60-74",TRUE,"75+")} -> 60-74 | P2: {=_xlfn.IFS(Table1[[#This Row],[Patient Waittime]]<=15,"0-15",Table1[[#This Row],[Patient Waittime]]<=30,"16-30",Table1[[#This Row],[Patient Waittime]]<=45,"31-45",Table1[[#This Row],[Patient Waittime]]<=60,"46-60",TRUE,"60+")} -> 31-45 | Q2: =--(Table1[[#This Row],[Patient Waittime]]<=30) -> 0 | R2: =--Table1[[#This Row],[Patient Admission Flag]] -> 0 | S2: =--AND(Table1[[#This Row],[WithinTarget]]=1,Table1[[#This Row],[Patient Satisfaction Score]]>=7) -> 0 | T2: =IF(LEFT(Table1[[#This Row],[Patient Gender]],1)="F","Female","Male") -> Male
A3: P0002 | B3: 45458.478 | C3: M | D3: 4 | E3: Native American/Alaska Native | F3: None | G3: TRUE | I3: 27 | J3: TRUE | K3: =YEAR(Table1[[#This Row],[Patient Admission Date]]) -> 2024 | L3: =TEXT(Table1[[#This Row],[Patient Admission Date]],"mmm") -> Jun | M3: =TEXT(Table1[[#This Row],[Patient Admission Date]],"ddd") -> Sat | N3: =TEXT(INT(HOUR(Table1[[#This Row],[Patient Admission Date]])/3)*3,"00")&"-"&TEXT(INT(HOUR(Table1[[#This Row],[Patient Admission Date]])/3)*3+3,"00") -> 09-12 | O3: {=_xlfn.IFS(Table1[[#This Row],[Patient Age]]<=14,"0-14",Table1[[#This Row],[Patient Age]]<=29,"15-29",Table1[[#This Row],[Patient Age]]<=44,"30-44",Table1[[#This Row],[Patient Age]]<=59,"45-59",Table1[[#This Row],[Patient Age]]<=74,"60-74",TRUE,"75+")} -> 0-14 | P3: {=_xlfn.IFS(Table1[[#This Row],[Patient Waittime]]<=15,"0-15",Table1[[#This Row],[Patient Waittime]]<=30,"16-30",Table1[[#This Row],[Patient Waittime]]<=45,"31-45",Table1[[#This Row],[Patient Waittime]]<=60,"46-60",TRUE,"60+")} -> 16-30 | Q3: =--(Table1[[#This Row],[Patient Waittime]]<=30) -> 1 | R3: =--Table1[[#This Row],[Patient Admission Flag]] -> 1 | S3: =--AND(Table1[[#This Row],[WithinTarget]]=1,Table1[[#This Row],[Patient Satisfaction Score]]>=7) -> 0 | T3: =IF(LEFT(Table1[[#This Row],[Patient Gender]],1)="F","Female","Male") -> Male
A4: P0003 | B4: 45463.384 | C4: F | D4: 56 | E4: African American | F4: General Practice | G4: TRUE | H4: 9 | I4: 55 | J4: TRUE | K4: =YEAR(Table1[[#This Row],[Patient Admission Date]]) -> 2024 | L4: =TEXT(Table1[[#This Row],[Patient Admission Date]],"mmm") -> Jun | M4: =TEXT(Table1[[#This Row],[Patient Admission Date]],"ddd") -> Thu | N4: =TEXT(INT(HOUR(Table1[[#This Row],[Patient Admission Date]])/3)*3,"00")&"-"&TEXT(INT(HOUR(Table1[[#This Row],[Patient Admission Date]])/3)*3+3,"00") -> 09-12 | O4: {=_xlfn.IFS(Table1[[#This Row],[Patient Age]]<=14,"0-14",Table1[[#This Row],[Patient Age]]<=29,"15-29",Table1[[#This Row],[Patient Age]]<=44,"30-44",Table1[[#This Row],[Patient Age]]<=59,"45-59",Table1[[#This Row],[Patient Age]]<=74,"60-74",TRUE,"75+")} -> 45-59 | P4: {=_xlfn.IFS(Table1[[#This Row],[Patient Waittime]]<=15,"0-15",Table1[[#This Row],[Patient Waittime]]<=30,"16-30",Table1[[#This Row],[Patient Waittime]]<=45,"31-45",Table1[[#This Row],[Patient Waittime]]<=60,"46-60",TRUE,"60+")} -> 46-60 | Q4: =--(Table1[[#This Row],[Patient Waittime]]<=30) -> 0 | R4: =--Table1[[#This Row],[Patient Admission Flag]] -> 1 | S4: =--AND(Table1[[#This Row],[WithinTarget]]=1,Table1[[#This Row],[Patient Satisfaction Score]]>=7) -> 0 | T4: =IF(LEFT(Table1[[#This Row],[Patient Gender]],1)="F","Female","Male") -> Female
A5: P0004 | B5: 45326.94 | C5: F | D5: 24 | E5: Native American/Alaska Native | F5: General Practice | G5: TRUE | H5: 8 | I5: 31 | J5: TRUE | K5: =YEAR(Table1[[#This Row],[Patient Admission Date]]) -> 2024 | L5: =TEXT(Table1[[#This Row],[Patient Admission Date]],"mmm") -> Feb | M5: =TEXT(Table1[[#This Row],[Patient Admission Date]],"ddd") -> Sun | N5: =TEXT(INT(HOUR(Table1[[#This Row],[Patient Admission Date]])/3)*3,"00")&"-"&TEXT(INT(HOUR(Table1[[#This Row],[Patient Admission Date]])/3)*3+3,"00") -> 21-24 | O5: {=_xlfn.IFS(Table1[[#This Row],[Patient Age]]<=14,"0-14",Table1[[#This Row],[Patient Age]]<=29,"15-29",Table1[[#This Row],[Patient Age]]<=44,"30-44",Table1[[#This Row],[Patient Age]]<=59,"45-59",Table1[[#This Row],[Patient Age]]<=74,"60-74",TRUE,"75+")} -> 15-29 | P5: {=_xlfn.IFS(Table1[[#This Row],[Patient Waittime]]<=15,"0-15",Table1[[#This Row],[Patient Waittime]]<=30,"16-30",Table1[[#This Row],[Patient Waittime]]<=45,"31-45",Table1[[#This Row],[Patient Waittime]]<=60,"46-60",TRUE,"60+")} -> 31-45 | Q5: =--(Table1[[#This Row],[Patient Waittime]]<=30) -> 0 | R5: =--Table1[[#This Row],[Patient Admission Flag]] -> 1 | S5: =--AND(Table1[[#This Row],[WithinTarget]]=1,Table1[[#This Row],[Patient Satisfaction Score]]>=7) -> 0 | T5: =IF(LEFT(Table1[[#This Row],[Patient Gender]],1)="F","Female","Male") -> Female
A6: P0005 | B6: 45539.742 | C6: Male | D6: 5 | E6: African American | F6: Orthopedics | G6: FALSE | I6: 10 | J6: FALSE | K6: =YEAR(Table1[[#This Row],[Patient Admission Date]]) -> 2024 | L6: =TEXT(Table1[[#This Row],[Patient Admission Date]],"mmm") -> Sep | M6: =TEXT(Table1[[#This Row],[Patient Admission Date]],"ddd") -> Wed | N6: =TEXT(INT(HOUR(Table1[[#This Row],[Patient Admission Date]])/3)*3,"00")&"-"&TEXT(INT(HOUR(Table1[[#This Row],[Patient Admission Date]])/3)*3+3,"00") -> 15-18 | O6: {=_xlfn.IFS(Table1[[#This Row],[Patient Age]]<=14,"0-14",Table1[[#This Row],[Patient Age]]<=29,"15-29",Table1[[#This Row],[Patient Age]]<=44,"30-44",Table1[[#This Row],[Patient Age]]<=59,"45-59",Table1[[#This Row],[Patient Age]]<=74,"60-74",TRUE,"75+")} -> 0-14 | P6: {=_xlfn.IFS(Table1[[#This Row],[Patient Waittime]]<=15,"0-15",Table1[[#This Row],[Patient Waittime]]<=30,"16-30",Table1[[#This Row],[Patient Waittime]]<=45,"31-45",Table1[[#This Row],[Patient Waittime]]<=60,"46-60",TRUE,"60+")} -> 0-15 | Q6: =--(Table1[[#This Row],[Patient Waittime]]<=30) -> 1 | R6: =--Table1[[#This Row],[Patient Admission Flag]] -> 0 | S6: =--AND(Table1[[#This Row],[WithinTarget]]=1,Table1[[#This Row],[Patient Satisfaction Score]]>=7) -> 0 | T6: =IF(LEFT(Table1[[#This Row],[Patient Gender]],1)="F","Female","Male") -> Male
A7: P0006 | B7: 45036.009 | C7: M | D7: 58 | E7: Asian | F7: None | G7: FALSE | I7: 59 | J7: FALSE | K7: =YEAR(Table1[[#This Row],[Patient Admission Date]]) -> 2023 | L7: =TEXT(Table1[[#This Row],[Patient Admission Date]],"mmm") -> Apr | M7: =TEXT(Table1[[#This Row],[Patient Admission Date]],"ddd") -> Thu | N7: =TEXT(INT(HOUR(Table1[[#This Row],[Patient Admission Date]])/3)*3,"00")&"-"&TEXT(INT(HOUR(Table1[[#This Row],[Patient Admission Date]])/3)*3+3,"00") -> 00-03 | O7: {=_xlfn.IFS(Table1[[#This Row],[Patient Age]]<=14,"0-14",Table1[[#This Row],[Patient Age]]<=29,"15-29",Table1[[#This Row],[Patient Age]]<=44,"30-44",Table1[[#This Row],[Patient Age]]<=59,"45-59",Table1[[#This Row],[Patient Age]]<=74,"60-74",TRUE,"75+")} -> 45-59 | P7: {=_xlfn.IFS(Table1[[#This Row],[Patient Waittime]]<=15,"0-15",Table1[[#This Row],[Patient Waittime]]<=30,"16-30",Table1[[#This Row],[Patient Waittime]]<=45,"31-45",Table1[[#This Row],[Patient Waittime]]<=60,"46-60",TRUE,"60+")} -> 46-60 | Q7: =--(Table1[[#This Row],[Patient Waittime]]<=30) -> 0 | R7: =--Table1[[#This Row],[Patient Admission Flag]] -> 0 | S7: =--AND(Table1[[#This Row],[WithinTarget]]=1,Table1[[#This Row],[Patient Satisfaction Score]]>=7) -> 0 | T7: =IF(LEFT(Table1[[#This Row],[Patient Gender]],1)="F","Female","Male") -> Male
A8: P0007 | B8: 45161.351 | C8: F | D8: 68 | E8: White | F8: None | G8: TRUE | I8: 43 | J8: TRUE | K8: =YEAR(Table1[[#This Row],[Patient Admission Date]]) -> 2023 | L8: =TEXT(Table1[[#This Row],[Patient Admission Date]],"mmm") -> Aug | M8: =TEXT(Table1[[#This Row],[Patient Admission Date]],"ddd") -> Wed | N8: =TEXT(INT(HOUR(Table1[[#This Row],[Patient Admission Date]])/3)*3,"00")&"-"&TEXT(INT(HOUR(Table1[[#This Row],[Patient Admission Date]])/3)*3+3,"00") -> 06-09 | O8: {=_xlfn.IFS(Table1[[#This Row],[Patient Age]]<=14,"0-14",Table1[[#This Row],[Patient Age]]<=29,"15-29",Table1[[#This Row],[Patient Age]]<=44,"30-44",Table1[[#This Row],[Patient Age]]<=59,"45-59",Table1[[#This Row],[Patient Age]]<=74,"60-74",TRUE,"75+")} -> 60-74 | P8: {=_xlfn.IFS(Table1[[#This Row],[Patient Waittime]]<=15,"0-15",Table1[[#This Row],[Patient Waittime]]<=30,"16-30",Table1[[#This Row],[Patient Waittime]]<=45,"31-45",Table1[[#This Row],[Patient Waittime]]<=60,"46-60",TRUE,"60+")} -> 31-45 | Q8: =--(Table1[[#This Row],[Patient Waittime]]<=30) -> 0 | R8: =--Table1[[#This Row],[Patient Admission Flag]] -> 1 | S8: =--AND(Table1[[#This Row],[WithinTarget]]=1,Table1[[#This Row],[Patient Satisfaction Score]]>=7) -> 0 | T8: =IF(LEFT(Table1[[#This Row],[Patient Gender]],1)="F","Female","Male") -> Female
A9: P0008 | B9: 45136.706 | C9: F | D9: 47 | E9: Two or More Races | F9: None | G9: TRUE | I9: 23 | J9: TRUE | K9: =YEAR(Table1[[#This Row],[Patient Admission Date]]) -> 2023 | L9: =TEXT(Table1[[#This Row],[Patient Admission Date]],"mmm") -> Jul | M9: =TEXT(Table1[[#This Row],[Patient Admission Date]],"ddd") -> Sat | N9: =TEXT(INT(HOUR(Table1[[#This Row],[Patient Admission Date]])/3)*3,"00")&"-"&TEXT(INT(HOUR(Table1[[#This Row],[Patient Admission Date]])/3)*3+3,"00") -> 15-18 | O9: {=_xlfn.IFS(Table1[[#This Row],[Patient Age]]<=14,"0-14",Table1[[#This Row],[Patient Age]]<=29,"15-29",Table1[[#This Row],[Patient Age]]<=44,"30-44",Table1[[#This Row],[Patient Age]]<=59,"45-59",Table1[[#This Row],[Patient Age]]<=74,"60-74",TRUE,"75+")} -> 45-59 | P9: {=_xlfn.IFS(Table1[[#This Row],[Patient Waittime]]<=15,"0-15",Table1[[#This Row],[Patient Waittime]]<=30,"16-30",Table1[[#This Row],[Patient Waittime]]<=45,"31-45",Table1[[#This Row],[Patient Waittime]]<=60,"46-60",TRUE,"60+")} -> 16-30 | Q9: =--(Table1[[#This Row],[Patient Waittime]]<=30) -> 1 | R9: =--Table1[[#This Row],[Patient Admission Flag]] -> 1 | S9: =--AND(Table1[[#This Row],[WithinTarget]]=1,Table1[[#This Row],[Patient Satisfaction Score]]>=7) -> 0 | T9: =IF(LEFT(Table1[[#This Row],[Patient Gender]],1)="F","Female","Male") -> Female
A10: P0009 | B10: 45341.287 | C10: F | D10: 79 | E10: White | F10: None | G10: FALSE | H10: 1 | I10: 42 | J10: FALSE | K10: =YEAR(Table1[[#This Row],[Patient Admission Date]]) -> 2024 | L10: =TEXT(Table1[[#This Row],[Patient Admission Date]],"mmm") -> Feb | M10: =TEXT(Table1[[#This Row],[Patient Admission Date]],"ddd") -> Mon | N10: =TEXT(INT(HOUR(Table1[[#This Row],[Patient Admission Date]])/3)*3,"00")&"-"&TEXT(INT(HOUR(Table1[[#This Row],[Patient Admission Date]])/3)*3+3,"00") -> 06-09 | O10: {=_xlfn.IFS(Table1[[#This Row],[Patient Age]]<=14,"0-14",Table1[[#This Row],[Patient Age]]<=29,"15-29",Table1[[#This Row],[Patient Age]]<=44,"30-44",Table1[[#This Row],[Patient Age]]<=59,"45-59",Table1[[#This Row],[Patient Age]]<=74,"60-74",TRUE,"75+")} -> 75+ | P10: {=_xlfn.IFS(Table1[[#This Row],[Patient Waittime]]<=15,"0-15",Table1[[#This Row],[Patient Waittime]]<=30,"16-30",Table1[[#This Row],[Patient Waittime]]<=45,"31-45",Table1[[#This Row],[Patient Waittime]]<=60,"46-60",TRUE,"60+")} -> 31-45 | Q10: =--(Table1[[#This Row],[Patient Waittime]]<=30) -> 0 | R10: =--Table1[[#This Row],[Patient Admission Flag]] -> 0 | S10: =--AND(Table1[[#This Row],[WithinTarget]]=1,Table1[[#This Row],[Patient Satisfaction Score]]>=7) -> 0 | T10: =IF(LEFT(Table1[[#This Row],[Patient Gender]],1)="F","Female","Male") -> Female
A11: P0010 | B11: 45576.226 | C11: Male | D11: 62 | E11: African American | F11: None | G11: FALSE | I11: 51 | J11: FALSE | K11: =YEAR(Table1[[#This Row],[Patient Admission Date]]) -> 2024 | L11: =TEXT(Table1[[#This Row],[Patient Admission Date]],"mmm") -> Oct | M11: =TEXT(Table1[[#This Row],[Patient Admission Date]],"ddd") -> Fri | N11: =TEXT(INT(HOUR(Table1[[#This Row],[Patient Admission Date]])/3)*3,"00")&"-"&TEXT(INT(HOUR(Table1[[#This Row],[Patient Admission Date]])/3)*3+3,"00") -> 03-06 | O11: {=_xlfn.IFS(Table1[[#This Row],[Patient Age]]<=14,"0-14",Table1[[#This Row],[Patient Age]]<=29,"15-29",Table1[[#This Row],[Patient Age]]<=44,"30-44",Table1[[#This Row],[Patient Age]]<=59,"45-59",Table1[[#This Row],[Patient Age]]<=74,"60-74",TRUE,"75+")} -> 60-74 | P11: {=_xlfn.IFS(Table1[[#This Row],[Patient Waittime]]<=15,"0-15",Table1[[#This Row],[Patient Waittime]]<=30,"16-30",Table1[[#This Row],[Patient Waittime]]<=45,"31-45",Table1[[#This Row],[Patient Waittime]]<=60,"46-60",TRUE,"60+")} -> 46-60 | Q11: =--(Table1[[#This Row],[Patient Waittime]]<=30) -> 0 | R11: =--Table1[[#This Row],[Patient Admission Flag]] -> 0 | S11: =--AND(Table1[[#This Row],[WithinTarget]]=1,Table1[[#This Row],[Patient Satisfaction Score]]>=7) -> 0 | T11: =IF(LEFT(Table1[[#This Row],[Patient Gender]],1)="F","Female","Male") -> Male
A12: P0011 | B12: 45499.073 | C12: F | D12: 73 | E12: White | F12: Gastroenterology | G12: TRUE | I12: 34 | J12: TRUE | K12: =YEAR(Table1[[#This Row],[Patient Admission Date]]) -> 2024 | L12: =TEXT(Table1[[#This Row],[Patient Admission Date]],"mmm") -> Jul | M12: =TEXT(Table1[[#This Row],[Patient Admission Date]],"ddd") -> Fri | N12: =TEXT(INT(HOUR(Table1[[#This Row],[Patient Admission Date]])/3)*3,"00")&"-"&TEXT(INT(HOUR(Table1[[#This Row],[Patient Admission Date]])/3)*3+3,"00") -> 00-03 | O12: {=_xlfn.IFS(Table1[[#This Row],[Patient Age]]<=14,"0-14",Table1[[#This Row],[Patient Age]]<=29,"15-29",Table1[[#This Row],[Patient Age]]<=44,"30-44",Table1[[#This Row],[Patient Age]]<=59,"45-59",Table1[[#This Row],[Patient Age]]<=74,"60-74",TRUE,"75+")} -> 60-74 | P12: {=_xlfn.IFS(Table1[[#This Row],[Patient Waittime]]<=15,"0-15",Table1[[#This Row],[Patient Waittime]]<=30,"16-30",Table1[[#This Row],[Patient Waittime]]<=45,"31-45",Table1[[#This Row],[Patient Waittime]]<=60,"46-60",TRUE,"60+")} -> 31-45 | Q12: =--(Table1[[#This Row],[Patient Waittime]]<=30) -> 0 | R12: =--Table1[[#This Row],[Patient Admission Flag]] -> 1 | S12: =--AND(Table1[[#This Row],[WithinTarget]]=1,Table1[[#This Row],[Patient Satisfaction Score]]>=7) -> 0 | T12: =IF(LEFT(Table1[[#This Row],[Patient Gender]],1)="F","Female","Male") -> Female
A13: P0012 | B13: 45361.918 | C13: F | D13: 16 | E13: White | F13: Orthopedics | G13: FALSE | I13: 39 | J13: FALSE | K13: =YEAR(Table1[[#This Row],[Patient Admission Date]]) -> 2024 | L13: =TEXT(Table1[[#This Row],[Patient Admission Date]],"mmm") -> Mar | M13: =TEXT(Table1[[#This Row],[Patient Admission Date]],"ddd") -> Sun | N13: =TEXT(INT(HOUR(Table1[[#This Row],[Patient Admission Date]])/3)*3,"00")&"-"&TEXT(INT(HOUR(Table1[[#This Row],[Patient Admission Date]])/3)*3+3,"00") -> 21-24 | O13: {=_xlfn.IFS(Table1[[#This Row],[Patient Age]]<=14,"0-14",Table1[[#This Row],[Patient Age]]<=29,"15-29",Table1[[#This Row],[Patient Age]]<=44,"30-44",Table1[[#This Row],[Patient Age]]<=59,"45-59",Table1[[#This Row],[Patient Age]]<=74,"60-74",TRUE,"75+")} -> 15-29 | P13: {=_xlfn.IFS(Table1[[#This Row],[Patient Waittime]]<=15,"0-15",Table1[[#This Row],[Patient Waittime]]<=30,"16-30",Table1[[#This Row],[Patient Waittime]]<=45,"31-45",Table1[[#This Row],[Patient Waittime]]<=60,"46-60",TRUE,"60+")} -> 31-45 | Q13: =--(Table1[[#This Row],[Patient Waittime]]<=30) -> 0 | R13: =--Table1[[#This Row],[Patient Admission Flag]] -> 0 | S13: =--AND(Table1[[#This Row],[WithinTarget]]=1,Table1[[#This Row],[Patient Satisfaction Score]]>=7) -> 0 | T13: =IF(LEFT(Table1[[#This Row],[Patient Gender]],1)="F","Female","Male") -> Female
A14: P0013 | B14: 45242.667 | C14: F | D14: 16 | E14: Native American/Alaska Native | F14: General Practice | G14: TRUE | I14: 53 | J14: TRUE | K14: =YEAR(Table1[[#This Row],[Patient Admission Date]]) -> 2023 | L14: =TEXT(Table1[[#This Row],[Patient Admission Date]],"mmm") -> Nov | M14: =TEXT(Table1[[#This Row],[Patient Admission Date]],"ddd") -> Sun | N14: =TEXT(INT(HOUR(Table1[[#This Row],[Patient Admission Date]])/3)*3,"00")&"-"&TEXT(INT(HOUR(Table1[[#This Row],[Patient Admission Date]])/3)*3+3,"00") -> 15-18 | O14: {=_xlfn.IFS(Table1[[#This Row],[Patient Age]]<=14,"0-14",Table1[[#This Row],[Patient Age]]<=29,"15-29",Table1[[#This Row],[Patient Age]]<=44,"30-44",Table1[[#This Row],[Patient Age]]<=59,"45-59",Table1[[#This Row],[Patient Age]]<=74,"60-74",TRUE,"75+")} -> 15-29 | P14: {=_xlfn.IFS(Table1[[#This Row],[Patient Waittime]]<=15,"0-15",Table1[[#This Row],[Patient Waittime]]<=30,"16-30",Table1[[#This Row],[Patient Waittime]]<=45,"31-45",Table1[[#This Row],[Patient Waittime]]<=60,"46-60",TRUE,"60+")} -> 46-60 | Q14: =--(Table1[[#This Row],[Patient Waittime]]<=30) -> 0 | R14: =--Table1[[#This Row],[Patient Admission Flag]] -> 1 | S14: =--AND(Table1[[#This Row],[WithinTarget]]=1,Table1[[#This Row],[Patient Satisfaction Score]]>=7) -> 0 | T14: =IF(LEFT(Table1[[#This Row],[Patient Gender]],1)="F","Female","Male") -> Female
A15: P0014 | B15: 45102.403 | C15: M | D15: 46 | E15: Pacific Islander | F15: None | G15: FALSE | I15: 45 | J15: FALSE | K15: =YEAR(Table1[[#This Row],[Patient Admission Date]]) -> 2023 | L15: =TEXT(Table1[[#This Row],[Patient Admission Date]],"mmm") -> Jun | M15: =TEXT(Table1[[#This Row],[Patient Admission Date]],"ddd") -> Sun | N15: =TEXT(INT(HOUR(Table1[[#This Row],[Patient Admission Date]])/3)*3,"00")&"-"&TEXT(INT(HOUR(Table1[[#This Row],[Patient Admission Date]])/3)*3+3,"00") -> 09-12 | O15: {=_xlfn.IFS(Table1[[#This Row],[Patient Age]]<=14,"0-14",Table1[[#This Row],[Patient Age]]<=29,"15-29",Table1[[#This Row],[Patient Age]]<=44,"30-44",Table1[[#This Row],[Patient Age]]<=59,"45-59",Table1[[#This Row],[Patient Age]]<=74,"60-74",TRUE,"75+")} -> 45-59 | P15: {=_xlfn.IFS(Table1[[#This Row],[Patient Waittime]]<=15,"0-15",Table1[[#This Row],[Patient Waittime]]<=30,"16-30",Table1[[#This Row],[Patient Waittime]]<=45,"31-45",Table1[[#This Row],[Patient Waittime]]<=60,"46-60",TRUE,"60+")} -> 31-45 | Q15: =--(Table1[[#This Row],[Patient Waittime]]<=30) -> 0 | R15: =--Table1[[#This Row],[Patient Admission Flag]] -> 0 | S15: =--AND(Table1[[#This Row],[WithinTarget]]=1,Table1[[#This Row],[Patient Satisfaction Score]]>=7) -> 0 | T15: =IF(LEFT(Table1[[#This Row],[Patient Gender]],1)="F","Female","Male") -> Male
A16: P0015 | B16: 45050.553 | C16: Male | D16: 69 | E16: White | F16: None | G16: TRUE | I16: 49 | J16: TRUE | K16: =YEAR(Table1[[#This Row],[Patient Admission Date]]) -> 2023 | L16: =TEXT(Table1[[#This Row],[Patient Admission Date]],"mmm") -> May | M16: =TEXT(Table1[[#This Row],[Patient Admission Date]],"ddd") -> Thu | N16: =TEXT(INT(HOUR(Table1[[#This Row],[Patient Admission Date]])/3)*3,"00")&"-"&TEXT(INT(HOUR(Table1[[#This Row],[Patient Admission Date]])/3)*3+3,"00") -> 12-15 | O16: {=_xlfn.IFS(Table1[[#This Row],[Patient Age]]<=14,"0-14",Table1[[#This Row],[Patient Age]]<=29,"15-29",Table1[[#This Row],[Patient Age]]<=44,"30-44",Table1[[#This Row],[Patient Age]]<=59,"45-59",Table1[[#This Row],[Patient Age]]<=74,"60-74",TRUE,"75+")} -> 60-74 | P16: {=_xlfn.IFS(Table1[[#This Row],[Patient Waittime]]<=15,"0-15",Table1[[#This Row],[Patient Waittime]]<=30,"16-30",Table1[[#This Row],[Patient Waittime]]<=45,"31-45",Table1[[#This Row],[Patient Waittime]]<=60,"46-60",TRUE,"60+")} -> 46-60 | Q16: =--(Table1[[#This Row],[Patient Waittime]]<=30) -> 0 | R16: =--Table1[[#This Row],[Patient Admission Flag]] -> 1 | S16: =--AND(Table1[[#This Row],[WithinTarget]]=1,Table1[[#This Row],[Patient Satisfaction Score]]>=7) -> 0 | T16: =IF(LEFT(Table1[[#This Row],[Patient Gender]],1)="F","Female","Male") -> Male
A17: P0016 | B17: 45188.078 | C17: M | D17: 37 | E17: Declined to Identify | F17: None | G17: TRUE | I17: 57 | J17: TRUE | K17: =YEAR(Table1[[#This Row],[Patient Admission Date]]) -> 2023 | L17: =TEXT(Table1[[#This Row],[Patient Admission Date]],"mmm") -> Sep | M17: =TEXT(Table1[[#This Row],[Patient Admission Date]],"ddd") -> Tue | N17: =TEXT(INT(HOUR(Table1[[#This Row],[Patient Admission Date]])/3)*3,"00")&"-"&TEXT(INT(HOUR(Table1[[#This Row],[Patient Admission Date]])/3)*3+3,"00") -> 00-03 | O17: {=_xlfn.IFS(Table1[[#This Row],[Patient Age]]<=14,"0-14",Table1[[#This Row],[Patient Age]]<=29,"15-29",Table1[[#This Row],[Patient Age]]<=44,"30-44",Table1[[#This Row],[Patient Age]]<=59,"45-59",Table1[[#This Row],[Patient Age]]<=74,"60-74",TRUE,"75+")} -> 30-44 | P17: {=_xlfn.IFS(Table1[[#This Row],[Patient Waittime]]<=15,"0-15",Table1[[#This Row],[Patient Waittime]]<=30,"16-30",Table1[[#This Row],[Patient Waittime]]<=45,"31-45",Table1[[#This Row],[Patient Waittime]]<=60,"46-60",TRUE,"60+")} -> 46-60 | Q17: =--(Table1[[#This Row],[Patient Waittime]]<=30) -> 0 | R17: =--Table1[[#This Row],[Patient Admission Flag]] -> 1 | S17: =--AND(Table1[[#This Row],[WithinTarget]]=1,Table1[[#This Row],[Patient Satisfaction Score]]>=7) -> 0 | T17: =IF(LEFT(Table1[[#This Row],[Patient Gender]],1)="F","Female","Male") -> Male
A18: P0017 | B18: 45437.924 | C18: F | D18: 50 | E18: Asian | F18: General Practice | G18: FALSE | I18: 35 | J18: FALSE | K18: =YEAR(Table1[[#This Row],[Patient Admission Date]]) -> 2024 | L18: =TEXT(Table1[[#This Row],[Patient Admission Date]],"mmm") -> May | M18: =TEXT(Table1[[#This Row],[Patient Admission Date]],"ddd") -> Sat | N18: =TEXT(INT(HOUR(Table1[[#This Row],[Patient Admission Date]])/3)*3,"00")&"-"&TEXT(INT(HOUR(Table1[[#This Row],[Patient Admission Date]])/3)*3+3,"00") -> 21-24 | O18: {=_xlfn.IFS(Table1[[#This Row],[Patient Age]]<=14,"0-14",Table1[[#This Row],[Patient Age]]<=29,"15-29",Table1[[#This Row],[Patient Age]]<=44,"30-44",Table1[[#This Row],[Patient Age]]<=59,"45-59",Table1[[#This Row],[Patient Age]]<=74,"60-74",TRUE,"75+")} -> 45-59 | P18: {=_xlfn.IFS(Table1[[#This Row],[Patient Waittime]]<=15,"0-15",Table1[[#This Row],[Patient Waittime]]<=30,"16-30",Table1[[#This Row],[Patient Waittime]]<=45,"31-45",Table1[[#This Row],[Patient Waittime]]<=60,"46-60",TRUE,"60+")} -> 31-45 | Q18: =--(Table1[[#This Row],[Patient Waittime]]<=30) -> 0 | R18: =--Table1[[#This Row],[Patient Admission Flag]] -> 0 | S18: =--AND(Table1[[#This Row],[WithinTarget]]=1,Table1[[#This Row],[Patient Satisfaction Score]]>=7) -> 0 | T18: =IF(LEFT(Table1[[#This Row],[Patient Gender]],1)="F","Female","Male") -> Female
A19: P0018 | B19: 45102.791 | C19: M | D19: 37 | E19: Declined to Identify | F19: None | G19: FALSE | I19: 55 | J19: FALSE | K19: =YEAR(Table1[[#This Row],[Patient Admission Date]]) -> 2023 | L19: =TEXT(Table1[[#This Row],[Patient Admission Date]],"mmm") -> Jun | M19: =TEXT(Table1[[#This Row],[Patient Admission Date]],"ddd") -> Sun | N19: =TEXT(INT(HOUR(Table1[[#This Row],[Patient Admission Date]])/3)*3,"00")&"-"&TEXT(INT(HOUR(Table1[[#This Row],[Patient Admission Date]])/3)*3+3,"00") -> 18-21 | O19: {=_xlfn.IFS(Table1[[#This Row],[Patient Age]]<=14,"0-14",Table1[[#This Row],[Patient Age]]<=29,"15-29",Table1[[#This Row],[Patient Age]]<=44,"30-44",Table1[[#This Row],[Patient Age]]<=59,"45-59",Table1[[#This Row],[Patient Age]]<=74,"60-74",TRUE,"75+")} -> 30-44 | P19: {=_xlfn.IFS(Table1[[#This Row],[Patient Waittime]]<=15,"0-15",Table1[[#This Row],[Patient Waittime]]<=30,"16-30",Table1[[#This Row],[Patient Waittime]]<=45,"31-45",Table1[[#This Row],[Patient Waittime]]<=60,"46-60",TRUE,"60+")} -> 46-60 | Q19: =--(Table1[[#This Row],[Patient Waittime]]<=30) -> 0 | R19: =--Table1[[#This Row],[Patient Admission Flag]] -> 0 | S19: =--AND(Table1[[#This Row],[WithinTarget]]=1,Table1[[#This Row],[Patient Satisfaction Score]]>=7) -> 0 | T19: =IF(LEFT(Table1[[#This Row],[Patient Gender]],1)="F","Female","Male") -> Male
A20: P0019 | B20: 45173.677 | C20: F | D20: 70 | E20: Asian | F20: Physiotherapy | G20: TRUE | I20: 50 | J20: TRUE | K20: =YEAR(Table1[[#This Row],[Patient Admission Date]]) -> 2023 | L20: =TEXT(Table1[[#This Row],[Patient Admission Date]],"mmm") -> Sep | M20: =TEXT(Table1[[#This Row],[Patient Admission Date]],"ddd") -> Mon | N20: =TEXT(INT(HOUR(Table1[[#This Row],[Patient Admission Date]])/3)*3,"00")&"-"&TEXT(INT(HOUR(Table1[[#This Row],[Patient Admission Date]])/3)*3+3,"00") -> 15-18 | O20: {=_xlfn.IFS(Table1[[#This Row],[Patient Age]]<=14,"0-14",Table1[[#This Row],[Patient Age]]<=29,"15-29",Table1[[#This Row],[Patient Age]]<=44,"30-44",Table1[[#This Row],[Patient Age]]<=59,"45-59",Table1[[#This Row],[Patient Age]]<=74,"60-74",TRUE,"75+")} -> 60-74 | P20: {=_xlfn.IFS(Table1[[#This Row],[Patient Waittime]]<=15,"0-15",Table1[[#This Row],[Patient Waittime]]<=30,"16-30",Table1[[#This Row],[Patient Waittime]]<=45,"31-45",Table1[[#This Row],[Patient Waittime]]<=60,"46-60",TRUE,"60+")} -> 46-60 | Q20: =--(Table1[[#This Row],[Patient Waittime]]<=30) -> 0 | R20: =--Table1[[#This Row],[Patient Admission Flag]] -> 1 | S20: =--AND(Table1[[#This Row],[WithinTarget]]=1,Table1[[#This Row],[Patient Satisfaction Score]]>=7) -> 0 | T20: =IF(LEFT(Table1[[#This Row],[Patient Gender]],1)="F","Female","Male") -> Female
A21: P0020 | B21: 45246.99 | C21: M | D21: 55 | E21: Asian | F21: None | G21: TRUE | H21: 2 | I21: 40 | J21: TRUE | K21: =YEAR(Table1[[#This Row],[Patient Admission Date]]) -> 2023 | L21: =TEXT(Table1[[#This Row],[Patient Admission Date]],"mmm") -> Nov | M21: =TEXT(Table1[[#This Row],[Patient Admission Date]],"ddd") -> Thu | N21: =TEXT(INT(HOUR(Table1[[#This Row],[Patient Admission Date]])/3)*3,"00")&"-"&TEXT(INT(HOUR(Table1[[#This Row],[Patient Admission Date]])/3)*3+3,"00") -> 21-24 | O21: {=_xlfn.IFS(Table1[[#This Row],[Patient Age]]<=14,"0-14",Table1[[#This Row],[Patient Age]]<=29,"15-29",Table1[[#This Row],[Patient Age]]<=44,"30-44",Table1[[#This Row],[Patient Age]]<=59,"45-59",Table1[[#This Row],[Patient Age]]<=74,"60-74",TRUE,"75+")} -> 45-59 | P21: {=_xlfn.IFS(Table1[[#This Row],[Patient Waittime]]<=15,"0-15",Table1[[#This Row],[Patient Waittime]]<=30,"16-30",Table1[[#This Row],[Patient Waittime]]<=45,"31-45",Table1[[#This Row],[Patient Waittime]]<=60,"46-60",TRUE,"60+")} -> 31-45 | Q21: =--(Table1[[#This Row],[Patient Waittime]]<=30) -> 0 | R21: =--Table1[[#This Row],[Patient Admission Flag]] -> 1 | S21: =--AND(Table1[[#This Row],[WithinTarget]]=1,Table1[[#This Row],[Patient Satisfaction Score]]>=7) -> 0 | T21: =IF(LEFT(Table1[[#This Row],[Patient Gender]],1)="F","Female","Male") -> Male
A22: P0021 | B22: 45107.224 | C22: F | D22: 63 | E22: Native American/Alaska Native | F22: None | G22: TRUE | I22: 25 | J22: TRUE | K22: =YEAR(Table1[[#This Row],[Patient Admission Date]]) -> 2023 | L22: =TEXT(Table1[[#This Row],[Patient Admission Date]],"mmm") -> Jun | M22: =TEXT(Table1[[#This Row],[Patient Admission Date]],"ddd") -> Fri | N22: =TEXT(INT(HOUR(Table1[[#This Row],[Patient Admission Date]])/3)*3,"00")&"-"&TEXT(INT(HOUR(Table1[[#This Row],[Patient Admission Date]])/3)*3+3,"00") -> 03-06 | O22: {=_xlfn.IFS(Table1[[#This Row],[Patient Age]]<=14,"0-14",Table1[[#This Row],[Patient Age]]<=29,"15-29",Table1[[#This Row],[Patient Age]]<=44,"30-44",Table1[[#This Row],[Patient Age]]<=59,"45-59",Table1[[#This Row],[Patient Age]]<=74,"60-74",TRUE,"75+")} -> 60-74 | P22: {=_xlfn.IFS(Table1[[#This Row],[Patient Waittime]]<=15,"0-15",Table1[[#This Row],[Patient Waittime]]<=30,"16-30",Table1[[#This Row],[Patient Waittime]]<=45,"31-45",Table1[[#This Row],[Patient Waittime]]<=60,"46-60",TRUE,"60+")} -> 16-30 | Q22: =--(Table1[[#This Row],[Patient Waittime]]<=30) -> 1 | R22: =--Table1[[#This Row],[Patient Admission Flag]] -> 1 | S22: =--AND(Table1[[#This Row],[WithinTarget]]=1,Table1[[#This Row],[Patient Satisfaction Score]]>=7) -> 0 | T22: =IF(LEFT(Table1[[#This Row],[Patient Gender]],1)="F","Female","Male") -> Female
A23: P0022 | B23: 45068.7 | C23: F | D23: 44 | E23: Asian | F23: None | G23: FALSE | H23: 2 | I23: 51 | J23: FALSE | K23: =YEAR(Table1[[#This Row],[Patient Admission Date]]) -> 2023 | L23: =TEXT(Table1[[#This Row],[Patient Admission Date]],"mmm") -> May | M23: =TEXT(Table1[[#This Row],[Patient Admission Date]],"ddd") -> Mon | N23: =TEXT(INT(HOUR(Table1[[#This Row],[Patient Admission Date]])/3)*3,"00")&"-"&TEXT(INT(HOUR(Table1[[#This Row],[Patient Admission Date]])/3)*3+3,"00") -> 15-18 | O23: {=_xlfn.IFS(Table1[[#This Row],[Patient Age]]<=14,"0-14",Table1[[#This Row],[Patient Age]]<=29,"15-29",Table1[[#This Row],[Patient Age]]<=44,"30-44",Table1[[#This Row],[Patient Age]]<=59,"45-59",Table1[[#This Row],[Patient Age]]<=74,"60-74",TRUE,"75+")} -> 30-44 | P23: {=_xlfn.IFS(Table1[[#This Row],[Patient Waittime]]<=15,"0-15",Table1[[#This Row],[Patient Waittime]]<=30,"16-30",Table1[[#This Row],[Patient Waittime]]<=45,"31-45",Table1[[#This Row],[Patient Waittime]]<=60,"46-60",TRUE,"60+")} -> 46-60 | Q23: =--(Table1[[#This Row],[Patient Waittime]]<=30) -> 0 | R23: =--Table1[[#This Row],[Patient Admission Flag]] -> 0 | S23: =--AND(Table1[[#This Row],[WithinTarget]]=1,Table1[[#This Row],[Patient Satisfaction Score]]>=7) -> 0 | T23: =IF(LEFT(Table1[[#This Row],[Patient Gender]],1)="F","Female","Male") -> Female
A24: P0023 | B24: 45247.308 | C24: Female | D24: 11 | E24: Declined to Identify | F24: None | G24: FALSE | H24: 4 | I24: 30 | J24: FALSE | K24: =YEAR(Table1[[#This Row],[Patient Admission Date]]) -> 2023 | L24: =TEXT(Table1[[#This Row],[Patient Admission Date]],"mmm") -> Nov | M24: =TEXT(Table1[[#This Row],[Patient Admission Date]],"ddd") -> Fri | N24: =TEXT(INT(HOUR(Table1[[#This Row],[Patient Admission Date]])/3)*3,"00")&"-"&TEXT(INT(HOUR(Table1[[#This Row],[Patient Admission Date]])/3)*3+3,"00") -> 06-09 | O24: {=_xlfn.IFS(Table1[[#This Row],[Patient Age]]<=14,"0-14",Table1[[#This Row],[Patient Age]]<=29,"15-29",Table1[[#This Row],[Patient Age]]<=44,"30-44",Table1[[#This Row],[Patient Age]]<=59,"45-59",Table1[[#This Row],[Patient Age]]<=74,"60-74",TRUE,"75+")} -> 0-14 | P24: {=_xlfn.IFS(Table1[[#This Row],[Patient Waittime]]<=15,"0-15",Table1[[#This Row],[Patient Waittime]]<=30,"16-30",Table1[[#This Row],[Patient Waittime]]<=45,"31-45",Table1[[#This Row],[Patient Waittime]]<=60,"46-60",TRUE,"60+")} -> 16-30 | Q24: =--(Table1[[#This Row],[Patient Waittime]]<=30) -> 1 | R24: =--Table1[[#This Row],[Patient Admission Flag]] -> 0 | S24: =--AND(Table1[[#This Row],[WithinTarget]]=1,Table1[[#This Row],[Patient Satisfaction Score]]>=7) -> 0 | T24: =IF(LEFT(Table1[[#This Row],[Patient Gender]],1)="F","Female","Male") -> Female
A25: P0024 | B25: 45317.249 | C25: M | D25: 8 | E25: Asian | F25: General Practice | G25: FALSE | I25: 16 | J25: FALSE | K25: =YEAR(Table1[[#This Row],[Patient Admission Date]]) -> 2024 | L25: =TEXT(Table1[[#This Row],[Patient Admission Date]],"mmm") -> Jan | M25: =TEXT(Table1[[#This Row],[Patient Admission Date]],"ddd") -> Fri | N25: =TEXT(INT(HOUR(Table1[[#This Row],[Patient Admission Date]])/3)*3,"00")&"-"&TEXT(INT(HOUR(Table1[[#This Row],[Patient Admission Date]])/3)*3+3,"00") -> 03-06 | O25: {=_xlfn.IFS(Table1[[#This Row],[Patient Age]]<=14,"0-14",Table1[[#This Row],[Patient Age]]<=29,"15-29",Table1[[#This Row],[Patient Age]]<=44,"30-44",Table1[[#This Row],[Patient Age]]<=59,"45-59",Table1[[#This Row],[Patient Age]]<=74,"60-74",TRUE,"75+")} -> 0-14 | P25: {=_xlfn.IFS(Table1[[#This Row],[Patient Waittime]]<=15,"0-15",Table1[[#This Row],[Patient Waittime]]<=30,"16-30",Table1[[#This Row],[Patient Waittime]]<=45,"31-45",Table1[[#This Row],[Patient Waittime]]<=60,"46-60",TRUE,"60+")} -> 16-30 | Q25: =--(Table1[[#This Row],[Patient Waittime]]<=30) -> 1 | R25: =--Table1[[#This Row],[Patient Admission Flag]] -> 0 | S25: =--AND(Table1[[#This Row],[WithinTarget]]=1,Table1[[#This Row],[Patient Satisfaction Score]]>=7) -> 0 | T25: =IF(LEFT(Table1[[#This Row],[Patient Gender]],1)="F","Female","Male") -> Male
A26: P0025 | B26: 45070.613 | C26: F | D26: 4 | E26: Native American/Alaska Native | F26: None | G26: TRUE | I26: 23 | J26: TRUE | K26: =YEAR(Table1[[#This Row],[Patient Admission Date]]) -> 2023 | L26: =TEXT(Table1[[#This Row],[Patient Admission Date]],"mmm") -> May | M26: =TEXT(Table1[[#This Row],[Patient Admission Date]],"ddd") -> Wed | N26: =TEXT(INT(HOUR(Table1[[#This Row],[Patient Admission Date]])/3)*3,"00")&"-"&TEXT(INT(HOUR(Table1[[#This Row],[Patient Admission Date]])/3)*3+3,"00") -> 12-15 | O26: {=_xlfn.IFS(Table1[[#This Row],[Patient Age]]<=14,"0-14",Table1[[#This Row],[Patient Age]]<=29,"15-29",Table1[[#This Row],[Patient Age]]<=44,"30-44",Table1[[#This Row],[Patient Age]]<=59,"45-59",Table1[[#This Row],[Patient Age]]<=74,"60-74",TRUE,"75+")} -> 0-14 | P26: {=_xlfn.IFS(Table1[[#This Row],[Patient Waittime]]<=15,"0-15",Table1[[#This Row],[Patient Waittime]]<=30,"16-30",Table1[[#This Row],[Patient Waittime]]<=45,"31-45",Table1[[#This Row],[Patient Waittime]]<=60,"46-60",TRUE,"60+")} -> 16-30 | Q26: =--(Table1[[#This Row],[Patient Waittime]]<=30) -> 1 | R26: =--Table1[[#This Row],[Patient Admission Flag]] -> 1 | S26: =--AND(Table1[[#This Row],[WithinTarget]]=1,Table1[[#This Row],[Patient Satisfaction Score]]>=7) -> 0 | T26: =IF(LEFT(Table1[[#This Row],[Patient Gender]],1)="F","Female","Male") -> Female
A27: P0026 | B27: 45028.876 | C27: M | D27: 42 | E27: African American | F27: None | G27: FALSE | H27: 0 | I27: 51 | J27: FALSE | K27: =YEAR(Table1[[#This Row],[Patient Admission Date]]) -> 2023 | L27: =TEXT(Table1[[#This Row],[Patient Admission Date]],"mmm") -> Apr | M27: =TEXT(Table1[[#This Row],[Patient Admission Date]],"ddd") -> Wed | N27: =TEXT(INT(HOUR(Table1[[#This Row],[Patient Admission Date]])/3)*3,"00")&"-"&TEXT(INT(HOUR(Table1[[#This Row],[Patient Admission Date]])/3)*3+3,"00") -> 21-24 | O27: {=_xlfn.IFS(Table1[[#This Row],[Patient Age]]<=14,"0-14",Table1[[#This Row],[Patient Age]]<=29,"15-29",Table1[[#This Row],[Patient Age]]<=44,"30-44",Table1[[#This Row],[Patient Age]]<=59,"45-59",Table1[[#This Row],[Patient Age]]<=74,"60-74",TRUE,"75+")} -> 30-44 | P27: {=_xlfn.IFS(Table1[[#This Row],[Patient Waittime]]<=15,"0-15",Table1[[#This Row],[Patient Waittime]]<=30,"16-30",Table1[[#This Row],[Patient Waittime]]<=45,"31-45",Table1[[#This Row],[Patient Waittime]]<=60,"46-60",TRUE,"60+")} -> 46-60 | Q27: =--(Table1[[#This Row],[Patient Waittime]]<=30) -> 0 | R27: =--Table1[[#This Row],[Patient Admission Flag]] -> 0 | S27: =--AND(Table1[[#This Row],[WithinTarget]]=1,Table1[[#This Row],[Patient Satisfaction Score]]>=7) -> 0 | T27: =IF(LEFT(Table1[[#This Row],[Patient Gender]],1)="F","Female","Male") -> Male
A28: P0027 | B28: 45539.104 | C28: F | D28: 68 | E28: African American | F28: None | G28: FALSE | I28: 58 | J28: FALSE | K28: =YEAR(Table1[[#This Row],[Patient Admission Date]]) -> 2024 | L28: =TEXT(Table1[[#This Row],[Patient Admission Date]],"mmm") -> Sep | M28: =TEXT(Table1[[#This Row],[Patient Admission Date]],"ddd") -> Wed | N28: =TEXT(INT(HOUR(Table1[[#This Row],[Patient Admission Date]])/3)*3,"00")&"-"&TEXT(INT(HOUR(Table1[[#This Row],[Patient Admission Date]])/3)*3+3,"00") -> 00-03 | O28: {=_xlfn.IFS(Table1[[#This Row],[Patient Age]]<=14,"0-14",Table1[[#This Row],[Patient Age]]<=29,"15-29",Table1[[#This Row],[Patient Age]]<=44,"30-44",Table1[[#This Row],[Patient Age]]<=59,"45-59",Table1[[#This Row],[Patient Age]]<=74,"60-74",TRUE,"75+")} -> 60-74 | P28: {=_xlfn.IFS(Table1[[#This Row],[Patient Waittime]]<=15,"0-15",Table1[[#This Row],[Patient Waittime]]<=30,"16-30",Table1[[#This Row],[Patient Waittime]]<=45,"31-45",Table1[[#This Row],[Patient Waittime]]<=60,"46-60",TRUE,"60+")} -> 46-60 | Q28: =--(Table1[[#This Row],[Patient Waittime]]<=30) -> 0 | R28: =--Table1[[#This Row],[Patient Admission Flag]] -> 0 | S28: =--AND(Table1[[#This Row],[WithinTarget]]=1,Table1[[#This Row],[Patient Satisfaction Score]]>=7) -> 0 | T28: =IF(LEFT(Table1[[#This Row],[Patient Gender]],1)="F","Female","Male") -> Female
A29: P0028 | B29: 45276.543 | C29: M | D29: 22 | E29: Pacific Islander | F29: General Practice | G29: FALSE | I29: 25 | J29: FALSE | K29: =YEAR(Table1[[#This Row],[Patient Admission Date]]) -> 2023 | L29: =TEXT(Table1[[#This Row],[Patient Admission Date]],"mmm") -> Dec | M29: =TEXT(Table1[[#This Row],[Patient Admission Date]],"ddd") -> Sat | N29: =TEXT(INT(HOUR(Table1[[#This Row],[Patient Admission Date]])/3)*3,"00")&"-"&TEXT(INT(HOUR(Table1[[#This Row],[Patient Admission Date]])/3)*3+3,"00") -> 12-15 | O29: {=_xlfn.IFS(Table1[[#This Row],[Patient Age]]<=14,"0-14",Table1[[#This Row],[Patient Age]]<=29,"15-29",Table1[[#This Row],[Patient Age]]<=44,"30-44",Table1[[#This Row],[Patient Age]]<=59,"45-59",Table1[[#This Row],[Patient Age]]<=74,"60-74",TRUE,"75+")} -> 15-29 | P29: {=_xlfn.IFS(Table1[[#This Row],[Patient Waittime]]<=15,"0-15",Table1[[#This Row],[Patient Waittime]]<=30,"16-30",Table1[[#This Row],[Patient Waittime]]<=45,"31-45",Table1[[#This Row],[Patient Waittime]]<=60,"46-60",TRUE,"60+")} -> 16-30 | Q29: =--(Table1[[#This Row],[Patient Waittime]]<=30) -> 1 | R29: =--Table1[[#This Row],[Patient Admission Flag]] -> 0 | S29: =--AND(Table1[[#This Row],[WithinTarget]]=1,Table1[[#This Row],[Patient Satisfaction Score]]>=7) -> 0 | T29: =IF(LEFT(Table1[[#This Row],[Patient Gender]],1)="F","Female","Male") -> Male
A30: P0029 | B30: 45362.713 | C30: F | D30: 58 | E30: Declined to Identify | F30: Orthopedics | G30: FALSE | I30: 55 | J30: FALSE | K30: =YEAR(Table1[[#This Row],[Patient Admission Date]]) -> 2024 | L30: =TEXT(Table1[[#This Row],[Patient Admission Date]],"mmm") -> Mar | M30: =TEXT(Table1[[#This Row],[Patient Admission Date]],"ddd") -> Mon | N30: =TEXT(INT(HOUR(Table1[[#This Row],[Patient Admission Date]])/3)*3,"00")&"-"&TEXT(INT(HOUR(Table1[[#This Row],[Patient Admission Date]])/3)*3+3,"00") -> 15-18 | O30: {=_xlfn.IFS(Table1[[#This Row],[Patient Age]]<=14,"0-14",Table1[[#This Row],[Patient Age]]<=29,"15-29",Table1[[#This Row],[Patient Age]]<=44,"30-44",Table1[[#This Row],[Patient Age]]<=59,"45-59",Table1[[#This Row],[Patient Age]]<=74,"60-74",TRUE,"75+")} -> 45-59 | P30: {=_xlfn.IFS(Table1[[#This Row],[Patient Waittime]]<=15,"0-15",Table1[[#This Row],[Patient Waittime]]<=30,"16-30",Table1[[#This Row],[Patient Waittime]]<=45,"31-45",Table1[[#This Row],[Patient Waittime]]<=60,"46-60",TRUE,"60+")} -> 46-60 | Q30: =--(Table1[[#This Row],[Patient Waittime]]<=30) -> 0 | R30: =--Table1[[#This Row],[Patient Admission Flag]] -> 0 | S30: =--AND(Table1[[#This Row],[WithinTarget]]=1,Table1[[#This Row],[Patient Satisfaction Score]]>=7) -> 0 | T30: =IF(LEFT(Table1[[#This Row],[Patient Gender]],1)="F","Female","Male") -> Female
A31: P0030 | B31: 45480.624 | C31: F | D31: 72 | E31: African American | F31: None | G31: TRUE | I31: 37 | J31: TRUE | K31: =YEAR(Table1[[#This Row],[Patient Admission Date]]) -> 2024 | L31: =TEXT(Table1[[#This Row],[Patient Admission Date]],"mmm") -> Jul | M31: =TEXT(Table1[[#This Row],[Patient Admission Date]],"ddd") -> Sun | N31: =TEXT(INT(HOUR(Table1[[#This Row],[Patient Admission Date]])/3)*3,"00")&"-"&TEXT(INT(HOUR(Table1[[#This Row],[Patient Admission Date]])/3)*3+3,"00") -> 12-15 | O31: {=_xlfn.IFS(Table1[[#This Row],[Patient Age]]<=14,"0-14",Table1[[#This Row],[Patient Age]]<=29,"15-29",Table1[[#This Row],[Patient Age]]<=44,"30-44",Table1[[#This Row],[Patient Age]]<=59,"45-59",Table1[[#This Row],[Patient Age]]<=74,"60-74",TRUE,"75+")} -> 60-74 | P31: {=_xlfn.IFS(Table1[[#This Row],[Patient Waittime]]<=15,"0-15",Table1[[#This Row],[Patient Waittime]]<=30,"16-30",Table1[[#This Row],[Patient Waittime]]<=45,"31-45",Table1[[#This Row],[Patient Waittime]]<=60,"46-60",TRUE,"60+")} -> 31-45 | Q31: =--(Table1[[#This Row],[Patient Waittime]]<=30) -> 0 | R31: =--Table1[[#This Row],[Patient Admission Flag]] -> 1 | S31: =--AND(Table1[[#This Row],[WithinTarget]]=1,Table1[[#This Row],[Patient Satisfaction Score]]>=7) -> 0 | T31: =IF(LEFT(Table1[[#This Row],[Patient Gender]],1)="F","Female","Male") -> Female
A32: P0031 | B32: 45384.555 | C32: F | D32: 73 | E32: Two or More Races | F32: Neurology | G32: FALSE | I32: 46 | J32: FALSE | K32: =YEAR(Table1[[#This Row],[Patient Admission Date]]) -> 2024 | L32: =TEXT(Table1[[#This Row],[Patient Admission Date]],"mmm") -> Apr | M32: =TEXT(Table1[[#This Row],[Patient Admission Date]],"ddd") -> Tue | N32: =TEXT(INT(HOUR(Table1[[#This Row],[Patient Admission Date]])/3)*3,"00")&"-"&TEXT(INT(HOUR(Table1[[#This Row],[Patient Admission Date]])/3)*3+3,"00") -> 12-15 | O32: {=_xlfn.IFS(Table1[[#This Row],[Patient Age]]<=14,"0-14",Table1[[#This Row],[Patient Age]]<=29,"15-29",Table1[[#This Row],[Patient Age]]<=44,"30-44",Table1[[#This Row],[Patient Age]]<=59,"45-59",Table1[[#This Row],[Patient Age]]<=74,"60-74",TRUE,"75+")} -> 60-74 | P32: {=_xlfn.IFS(Table1[[#This Row],[Patient Waittime]]<=15,"0-15",Table1[[#This Row],[Patient Waittime]]<=30,"16-30",Table1[[#This Row],[Patient Waittime]]<=45,"31-45",Table1[[#This Row],[Patient Waittime]]<=60,"46-60",TRUE,"60+")} -> 46-60 | Q32: =--(Table1[[#This Row],[Patient Waittime]]<=30) -> 0 | R32: =--Table1[[#This Row],[Patient Admission Flag]] -> 0 | S32: =--AND(Table1[[#This Row],[WithinTarget]]=1,Table1[[#This Row],[Patient Satisfaction Score]]>=7) -> 0 | T32: =IF(LEFT(Table1[[#This Row],[Patient Gender]],1)="F","Female","Male") -> Female
A33: P0032 | B33: 45107.943 | C33: M | D33: 35 | E33: White | F33: Orthopedics | G33: TRUE | I33: 40 | J33: TRUE | K33: =YEAR(Table1[[#This Row],[Patient Admission Date]]) -> 2023 | L33: =TEXT(Table1[[#This Row],[Patient Admission Date]],"mmm") -> Jun | M33: =TEXT(Table1[[#This Row],[Patient Admission Date]],"ddd") -> Fri | N33: =TEXT(INT(HOUR(Table1[[#This Row],[Patient Admission Date]])/3)*3,"00")&"-"&TEXT(INT(HOUR(Table1[[#This Row],[Patient Admission Date]])/3)*3+3,"00") -> 21-24 | O33: {=_xlfn.IFS(Table1[[#This Row],[Patient Age]]<=14,"0-14",Table1[[#This Row],[Patient Age]]<=29,"15-29",Table1[[#This Row],[Patient Age]]<=44,"30-44",Table1[[#This Row],[Patient Age]]<=59,"45-59",Table1[[#This Row],[Patient Age]]<=74,"60-74",TRUE,"75+")} -> 30-44 | P33: {=_xlfn.IFS(Table1[[#This Row],[Patient Waittime]]<=15,"0-15",Table1[[#This Row],[Patient Waittime]]<=30,"16-30",Table1[[#This Row],[Patient Waittime]]<=45,"31-45",Table1[[#This Row],[Patient Waittime]]<=60,"46-60",TRUE,"60+")} -> 31-45 | Q33: =--(Table1[[#This Row],[Patient Waittime]]<=30) -> 0 | R33: =--Table1[[#This Row],[Patient Admission Flag]] -> 1 | S33: =--AND(Table1[[#This Row],[WithinTarget]]=1,Table1[[#This Row],[Patient Satisfaction Score]]>=7) -> 0 | T33: =IF(LEFT(Table1[[#This Row],[Patient Gender]],1)="F","Female","Male") -> Male
A34: P0033 | B34: 45509.637 | C34: M | D34: 48 | E34: White | F34: None | G34: FALSE | I34: 53 | J34: FALSE | K34: =YEAR(Table1[[#This Row],[Patient Admission Date]]) -> 2024 | L34: =TEXT(Table1[[#This Row],[Patient Admission Date]],"mmm") -> Aug | M34: =TEXT(Table1[[#This Row],[Patient Admission Date]],"ddd") -> Mon | N34: =TEXT(INT(HOUR(Table1[[#This Row],[Patient Admission Date]])/3)*3,"00")&"-"&TEXT(INT(HOUR(Table1[[#This Row],[Patient Admission Date]])/3)*3+3,"00") -> 15-18 | O34: {=_xlfn.IFS(Table1[[#This Row],[Patient Age]]<=14,"0-14",Table1[[#This Row],[Patient Age]]<=29,"15-29",Table1[[#This Row],[Patient Age]]<=44,"30-44",Table1[[#This Row],[Patient Age]]<=59,"45-59",Table1[[#This Row],[Patient Age]]<=74,"60-74",TRUE,"75+")} -> 45-59 | P34: {=_xlfn.IFS(Table1[[#This Row],[Patient Waittime]]<=15,"0-15",Table1[[#This Row],[Patient Waittime]]<=30,"16-30",Table1[[#This Row],[Patient Waittime]]<=45,"31-45",Table1[[#This Row],[Patient Waittime]]<=60,"46-60",TRUE,"60+")} -> 46-60 | Q34: =--(Table1[[#This Row],[Patient Waittime]]<=30) -> 0 | R34: =--Table1[[#This Row],[Patient Admission Flag]] -> 0 | S34: =--AND(Table1[[#This Row],[WithinTarget]]=1,Table1[[#This Row],[Patient Satisfaction Score]]>=7) -> 0 | T34: =IF(LEFT(Table1[[#This Row],[Patient Gender]],1)="F","Female","Male") -> Male
A35: P0034 | B35: 45509.065 | C35: F | D35: 74 | E35: White | F35: Physiotherapy | G35: FALSE | H35: 0 | I35: 20 | J35: FALSE | K35: =YEAR(Table1[[#This Row],[Patient Admission Date]]) -> 2024 | L35: =TEXT(Table1[[#This Row],[Patient Admission Date]],"mmm") -> Aug | M35: =TEXT(Table1[[#This Row],[Patient Admission Date]],"ddd") -> Mon | N35: =TEXT(INT(HOUR(Table1[[#This Row],[Patient Admission Date]])/3)*3,"00")&"-"&TEXT(INT(HOUR(Table1[[#This Row],[Patient Admission Date]])/3)*3+3,"00") -> 00-03 | O35: {=_xlfn.IFS(Table1[[#This Row],[Patient Age]]<=14,"0-14",Table1[[#This Row],[Patient Age]]<=29,"15-29",Table1[[#This Row],[Patient Age]]<=44,"30-44",Table1[[#This Row],[Patient Age]]<=59,"45-59",Table1[[#This Row],[Patient Age]]<=74,"60-74",TRUE,"75+")} -> 60-74 | P35: {=_xlfn.IFS(Table1[[#This Row],[Patient Waittime]]<=15,"0-15",Table1[[#This Row],[Patient Waittime]]<=30,"16-30",Table1[[#This Row],[Patient Waittime]]<=45,"31-45",Table1[[#This Row],[Patient Waittime]]<=60,"46-60",TRUE,"60+")} -> 16-30 | Q35: =--(Table1[[#This Row],[Patient Waittime]]<=30) -> 1 | R35: =--Table1[[#This Row],[Patient Admission Flag]] -> 0 | S35: =--AND(Table1[[#This Row],[WithinTarget]]=1,Table1[[#This Row],[Patient Satisfaction Score]]>=7) -> 0 | T35: =IF(LEFT(Table1[[#This Row],[Patient Gender]],1)="F","Female","Male") -> Female
A36: P0035 | B36: 45307.837 | C36: M | D36: 14 | E36: Two or More Races | F36: None | G36: TRUE | I36: 52 | J36: TRUE | K36: =YEAR(Table1[[#This Row],[Patient Admission Date]]) -> 2024 | L36: =TEXT(Table1[[#This Row],[Patient Admission Date]],"mmm") -> Jan | M36: =TEXT(Table1[[#This Row],[Patient Admission Date]],"ddd") -> Tue | N36: =TEXT(INT(HOUR(Table1[[#This Row],[Patient Admission Date]])/3)*3,"00")&"-"&TEXT(INT(HOUR(Table1[[#This Row],[Patient Admission Date]])/3)*3+3,"00") -> 18-21 | O36: {=_xlfn.IFS(Table1[[#This Row],[Patient Age]]<=14,"0-14",Table1[[#This Row],[Patient Age]]<=29,"15-29",Table1[[#This Row],[Patient Age]]<=44,"30-44",Table1[[#This Row],[Patient Age]]<=59,"45-59",Table1[[#This Row],[Patient Age]]<=74,"60-74",TRUE,"75+")} -> 0-14 | P36: {=_xlfn.IFS(Table1[[#This Row],[Patient Waittime]]<=15,"0-15",Table1[[#This Row],[Patient Waittime]]<=30,"16-30",Table1[[#This Row],[Patient Waittime]]<=45,"31-45",Table1[[#This Row],[Patient Waittime]]<=60,"46-60",TRUE,"60+")} -> 46-60 | Q36: =--(Table1[[#This Row],[Patient Waittime]]<=30) -> 0 | R36: =--Table1[[#This Row],[Patient Admission Flag]] -> 1 | S36: =--AND(Table1[[#This Row],[WithinTarget]]=1,Table1[[#This Row],[Patient Satisfaction Score]]>=7) -> 0 | T36: =IF(LEFT(Table1[[#This Row],[Patient Gender]],1)="F","Female","Male") -> Male
A37: P0036 | B37: 45299.997 | C37: F | D37: 37 | E37: Declined to Identify | F37: None | G37: TRUE | I37: 49 | J37: TRUE | K37: =YEAR(Table1[[#This Row],[Patient Admission Date]]) -> 2024 | L37: =TEXT(Table1[[#This Row],[Patient Admission Date]],"mmm") -> Jan | M37: =TEXT(Table1[[#This Row],[Patient Admission Date]],"ddd") -> Mon | N37: =TEXT(INT(HOUR(Table1[[#This Row],[Patient Admission Date]])/3)*3,"00")&"-"&TEXT(INT(HOUR(Table1[[#This Row],[Patient Admission Date]])/3)*3+3,"00") -> 21-24 | O37: {=_xlfn.IFS(Table1[[#This Row],[Patient Age]]<=14,"0-14",Table1[[#This Row],[Patient Age]]<=29,"15-29",Table1[[#This Row],[Patient Age]]<=44,"30-44",Table1[[#This Row],[Patient Age]]<=59,"45-59",Table1[[#This Row],[Patient Age]]<=74,"60-74",TRUE,"75+")} -> 30-44 | P37: {=_xlfn.IFS(Table1[[#This Row],[Patient Waittime]]<=15,"0-15",Table1[[#This Row],[Patient Waittime]]<=30,"16-30",Table1[[#This Row],[Patient Waittime]]<=45,"31-45",Table1[[#This Row],[Patient Waittime]]<=60,"46-60",TRUE,"60+")} -> 46-60 | Q37: =--(Table1[[#This Row],[Patient Waittime]]<=30) -> 0 | R37: =--Table1[[#This Row],[Patient Admission Flag]] -> 1 | S37: =--AND(Table1[[#This Row],[WithinTarget]]=1,Table1[[#This Row],[Patient Satisfaction Score]]>=7) -> 0 | T37: =IF(LEFT(Table1[[#This Row],[Patient Gender]],1)="F","Female","Male") -> Female
A38: P0037 | B38: 45274.89 | C38: M | D38: 25 | E38: African American | F38: None | G38: FALSE | I38: 10 | J38: FALSE | K38: =YEAR(Table1[[#This Row],[Patient Admission Date]]) -> 2023 | L38: =TEXT(Table1[[#This Row],[Patient Admission Date]],"mmm") -> Dec | M38: =TEXT(Table1[[#This Row],[Patient Admission Date]],"ddd") -> Thu | N38: =TEXT(INT(HOUR(Table1[[#This Row],[Patient Admission Date]])/3)*3,"00")&"-"&TEXT(INT(HOUR(Table1[[#This Row],[Patient Admission Date]])/3)*3+3,"00") -> 21-24 | O38: {=_xlfn.IFS(Table1[[#This Row],[Patient Age]]<=14,"0-14",Table1[[#This Row],[Patient Age]]<=29,"15-29",Table1[[#This Row],[Patient Age]]<=44,"30-44",Table1[[#This Row],[Patient Age]]<=59,"45-59",Table1[[#This Row],[Patient Age]]<=74,"60-74",TRUE,"75+")} -> 15-29 | P38: {=_xlfn.IFS(Table1[[#This Row],[Patient Waittime]]<=15,"0-15",Table1[[#This Row],[Patient Waittime]]<=30,"16-30",Table1[[#This Row],[Patient Waittime]]<=45,"31-45",Table1[[#This Row],[Patient Waittime]]<=60,"46-60",TRUE,"60+")} -> 0-15 | Q38: =--(Table1[[#This Row],[Patient Waittime]]<=30) -> 1 | R38: =--Table1[[#This Row],[Patient Admission Flag]] -> 0 | S38: =--AND(Table1[[#This Row],[WithinTarget]]=1,Table1[[#This Row],[Patient Satisfaction Score]]>=7) -> 0 | T38: =IF(LEFT(Table1[[#This Row],[Patient Gender]],1)="F","Female","Male") -> Male
A39: P0038 | B39: 45485.55 | C39: M | D39: 39 | E39: Two or More Races | F39: Orthopedics | G39: FALSE | I39: 52 | J39: FALSE | K39: =YEAR(Table1[[#This Row],[Patient Admission Date]]) -> 2024 | L39: =TEXT(Table1[[#This Row],[Patient Admission Date]],"mmm") -> Jul | M39: =TEXT(Table1[[#This Row],[Patient Admission Date]],"ddd") -> Fri | N39: =TEXT(INT(HOUR(Table1[[#This Row],[Patient Admission Date]])/3)*3,"00")&"-"&TEXT(INT(HOUR(Table1[[#This Row],[Patient Admission Date]])/3)*3+3,"00") -> 12-15 | O39: {=_xlfn.IFS(Table1[[#This Row],[Patient Age]]<=14,"0-14",Table1[[#This Row],[Patient Age]]<=29,"15-29",Table1[[#This Row],[Patient Age]]<=44,"30-44",Table1[[#This Row],[Patient Age]]<=59,"45-59",Table1[[#This Row],[Patient Age]]<=74,"60-74",TRUE,"75+")} -> 30-44 | P39: {=_xlfn.IFS(Table1[[#This Row],[Patient Waittime]]<=15,"0-15",Table1[[#This Row],[Patient Waittime]]<=30,"16-30",Table1[[#This Row],[Patient Waittime]]<=45,"31-45",Table1[[#This Row],[Patient Waittime]]<=60,"46-60",TRUE,"60+")} -> 46-60 | Q39: =--(Table1[[#This Row],[Patient Waittime]]<=30) -> 0 | R39: =--Table1[[#This Row],[Patient Admission Flag]] -> 0 | S39: =--AND(Table1[[#This Row],[WithinTarget]]=1,Table1[[#This Row],[Patient Satisfaction Score]]>=7) -> 0 | T39: =IF(LEFT(Table1[[#This Row],[Patient Gender]],1)="F","Female","Male") -> Male
A40: P0039 | B40: 45444.44 | C40: M | D40: 48 | E40: Declined to Identify | F40: None | G40: FALSE | I40: 35 | J40: FALSE | K40: =YEAR(Table1[[#This Row],[Patient Admission Date]]) -> 2024 | L40: =TEXT(Table1[[#This Row],[Patient Admission Date]],"mmm") -> Jun | M40: =TEXT(Table1[[#This Row],[Patient Admission Date]],"ddd") -> Sat | N40: =TEXT(INT(HOUR(Table1[[#This Row],[Patient Admission Date]])/3)*3,"00")&"-"&TEXT(INT(HOUR(Table1[[#This Row],[Patient Admission Date]])/3)*3+3,"00") -> 09-12 | O40: {=_xlfn.IFS(Table1[[#This Row],[Patient Age]]<=14,"0-14",Table1[[#This Row],[Patient Age]]<=29,"15-29",Table1[[#This Row],[Patient Age]]<=44,"30-44",Table1[[#This Row],[Patient Age]]<=59,"45-59",Table1[[#This Row],[Patient Age]]<=74,"60-74",TRUE,"75+")} -> 45-59 | P40: {=_xlfn.IFS(Table1[[#This Row],[Patient Waittime]]<=15,"0-15",Table1[[#This Row],[Patient Waittime]]<=30,"16-30",Table1[[#This Row],[Patient Waittime]]<=45,"31-45",Table1[[#This Row],[Patient Waittime]]<=60,"46-60",TRUE,"60+")} -> 31-45 | Q40: =--(Table1[[#This Row],[Patient Waittime]]<=30) -> 0 | R40: =--Table1[[#This Row],[Patient Admission Flag]] -> 0 | S40: =--AND(Table1[[#This Row],[WithinTarget]]=1,Table1[[#This Row],[Patient Satisfaction Score]]>=7) -> 0 | T40: =IF(LEFT(Table1[[#This Row],[Patient Gender]],1)="F","Female","Male") -> Male
A41: P0040 | B41: 45113.824 | C41: Female | D41: 22 | E41: African American | F41: General Practice | G41: FALSE | I41: 16 | J41: FALSE | K41: =YEAR(Table1[[#This Row],[Patient Admission Date]]) -> 2023 | L41: =TEXT(Table1[[#This Row],[Patient Admission Date]],"mmm") -> Jul | M41: =TEXT(Table1[[#This Row],[Patient Admission Date]],"ddd") -> Thu | N41: =TEXT(INT(HOUR(Table1[[#This Row],[Patient Admission Date]])/3)*3,"00")&"-"&TEXT(INT(HOUR(Table1[[#This Row],[Patient Admission Date]])/3)*3+3,"00") -> 18-21 | O41: {=_xlfn.IFS(Table1[[#This Row],[Patient Age]]<=14,"0-14",Table1[[#This Row],[Patient Age]]<=29,"15-29",Table1[[#This Row],[Patient Age]]<=44,"30-44",Table1[[#This Row],[Patient Age]]<=59,"45-59",Table1[[#This Row],[Patient Age]]<=74,"60-74",TRUE,"75+")} -> 15-29 | P41: {=_xlfn.IFS(Table1[[#This Row],[Patient Waittime]]<=15,"0-15",Table1[[#This Row],[Patient Waittime]]<=30,"16-30",Table1[[#This Row],[Patient Waittime]]<=45,"31-45",Table1[[#This Row],[Patient Waittime]]<=60,"46-60",TRUE,"60+")} -> 16-30 | Q41: =--(Table1[[#This Row],[Patient Waittime]]<=30) -> 1 | R41: =--Table1[[#This Row],[Patient Admission Flag]] -> 0 | S41: =--AND(Table1[[#This Row],[WithinTarget]]=1,Table1[[#This Row],[Patient Satisfaction Score]]>=7) -> 0 | T41: =IF(LEFT(Table1[[#This Row],[Patient Gender]],1)="F","Female","Male") -> Female
A42: P0041 | B42: 45458.569 | C42: Female | D42: 72 | E42: Declined to Identify | F42: None | G42: TRUE | H42: 7 | I42: 33 | J42: TRUE | K42: =YEAR(Table1[[#This Row],[Patient Admission Date]]) -> 2024 | L42: =TEXT(Table1[[#This Row],[Patient Admission Date]],"mmm") -> Jun | M42: =TEXT(Table1[[#This Row],[Patient Admission Date]],"ddd") -> Sat | N42: =TEXT(INT(HOUR(Table1[[#This Row],[Patient Admission Date]])/3)*3,"00")&"-"&TEXT(INT(HOUR(Table1[[#This Row],[Patient Admission Date]])/3)*3+3,"00") -> 12-15 | O42: {=_xlfn.IFS(Table1[[#This Row],[Patient Age]]<=14,"0-14",Table1[[#This Row],[Patient Age]]<=29,"15-29",Table1[[#This Row],[Patient Age]]<=44,"30-44",Table1[[#This Row],[Patient Age]]<=59,"45-59",Table1[[#This Row],[Patient Age]]<=74,"60-74",TRUE,"75+")} -> 60-74 | P42: {=_xlfn.IFS(Table1[[#This Row],[Patient Waittime]]<=15,"0-15",Table1[[#This Row],[Patient Waittime]]<=30,"16-30",Table1[[#This Row],[Patient Waittime]]<=45,"31-45",Table1[[#This Row],[Patient Waittime]]<=60,"46-60",TRUE,"60+")} -> 31-45 | Q42: =--(Table1[[#This Row],[Patient Waittime]]<=30) -> 0 | R42: =--Table1[[#This Row],[Patient Admission Flag]] -> 1 | S42: =--AND(Table1[[#This Row],[WithinTarget]]=1,Table1[[#This Row],[Patient Satisfaction Score]]>=7) -> 0 | T42: =IF(LEFT(Table1[[#This Row],[Patient Gender]],1)="F","Female","Male") -> Female
A43: P0042 | B43: 45211.627 | C43: F | D43: 41 | E43: Pacific Islander | F43: None | G43: FALSE | I43: 16 | J43: FALSE | K43: =YEAR(Table1[[#This Row],[Patient Admission Date]]) -> 2023 | L43: =TEXT(Table1[[#This Row],[Patient Admission Date]],"mmm") -> Oct | M43: =TEXT(Table1[[#This Row],[Patient Admission Date]],"ddd") -> Thu | N43: =TEXT(INT(HOUR(Table1[[#This Row],[Patient Admission Date]])/3)*3,"00")&"-"&TEXT(INT(HOUR(Table1[[#This Row],[Patient Admission Date]])/3)*3+3,"00") -> 15-18 | O43: {=_xlfn.IFS(Table1[[#This Row],[Patient Age]]<=14,"0-14",Table1[[#This Row],[Patient Age]]<=29,"15-29",Table1[[#This Row],[Patient Age]]<=44,"30-44",Table1[[#This Row],[Patient Age]]<=59,"45-59",Table1[[#This Row],[Patient Age]]<=74,"60-74",TRUE,"75+")} -> 30-44 | P43: {=_xlfn.IFS(Table1[[#This Row],[Patient Waittime]]<=15,"0-15",Table1[[#This Row],[Patient Waittime]]<=30,"16-30",Table1[[#This Row],[Patient Waittime]]<=45,"31-45",Table1[[#This Row],[Patient Waittime]]<=60,"46-60",TRUE,"60+")} -> 16-30 | Q43: =--(Table1[[#This Row],[Patient Waittime]]<=30) -> 1 | R43: =--Table1[[#This Row],[Patient Admission Flag]] -> 0 | S43: =--AND(Table1[[#This Row],[WithinTarget]]=1,Table1[[#This Row],[Patient Satisfaction Score]]>=7) -> 0 | T43: =IF(LEFT(Table1[[#This Row],[Patient Gender]],1)="F","Female","Male") -> Female
A44: P0043 | B44: 45073.259 | C44: Female | D44: 8 | E44: African American | F44: General Practice | G44: FALSE | I44: 59 | J44: FALSE | K44: =YEAR(Table1[[#This Row],[Patient Admission Date]]) -> 2023 | L44: =TEXT(Table1[[#This Row],[Patient Admission Date]],"mmm") -> May | M44: =TEXT(Table1[[#This Row],[Patient Admission Date]],"ddd") -> Sat | N44: =TEXT(INT(HOUR(Table1[[#This Row],[Patient Admission Date]])/3)*3,"00")&"-"&TEXT(INT(HOUR(Table1[[#This Row],[Patient Admission Date]])/3)*3+3,"00") -> 06-09 | O44: {=_xlfn.IFS(Table1[[#This Row],[Patient Age]]<=14,"0-14",Table1[[#This Row],[Patient Age]]<=29,"15-29",Table1[[#This Row],[Patient Age]]<=44,"30-44",Table1[[#This Row],[Patient Age]]<=59,"45-59",Table1[[#This Row],[Patient Age]]<=74,"60-74",TRUE,"75+")} -> 0-14 | P44: {=_xlfn.IFS(Table1[[#This Row],[Patient Waittime]]<=15,"0-15",Table1[[#This Row],[Patient Waittime]]<=30,"16-30",Table1[[#This Row],[Patient Waittime]]<=45,"31-45",Table1[[#This Row],[Patient Waittime]]<=60,"46-60",TRUE,"60+")} -> 46-60 | Q44: =--(Table1[[#This Row],[Patient Waittime]]<=30) -> 0 | R44: =--Table1[[#This Row],[Patient Admission Flag]] -> 0 | S44: =--AND(Table1[[#This Row],[WithinTarget]]=1,Table1[[#This Row],[Patient Satisfaction Score]]>=7) -> 0 | T44: =IF(LEFT(Table1[[#This Row],[Patient Gender]],1)="F","Female","Male") -> Female
A45: P0044 | B45: 45374.572 | C45: F | D45: 70 | E45: Native American/Alaska Native | F45: None | G45: TRUE | I45: 39 | J45: TRUE | K45: =YEAR(Table1[[#This Row],[Patient Admission Date]]) -> 2024 | L45: =TEXT(Table1[[#This Row],[Patient Admission Date]],"mmm") -> Mar | M45: =TEXT(Table1[[#This Row],[Patient Admission Date]],"ddd") -> Sat | N45: =TEXT(INT(HOUR(Table1[[#This Row],[Patient Admission Date]])/3)*3,"00")&"-"&TEXT(INT(HOUR(Table1[[#This Row],[Patient Admission Date]])/3)*3+3,"00") -> 12-15 | O45: {=_xlfn.IFS(Table1[[#This Row],[Patient Age]]<=14,"0-14",Table1[[#This Row],[Patient Age]]<=29,"15-29",Table1[[#This Row],[Patient Age]]<=44,"30-44",Table1[[#This Row],[Patient Age]]<=59,"45-59",Table1[[#This Row],[Patient Age]]<=74,"60-74",TRUE,"75+")} -> 60-74 | P45: {=_xlfn.IFS(Table1[[#This Row],[Patient Waittime]]<=15,"0-15",Table1[[#This Row],[Patient Waittime]]<=30,"16-30",Table1[[#This Row],[Patient Waittime]]<=45,"31-45",Table1[[#This Row],[Patient Waittime]]<=60,"46-60",TRUE,"60+")} -> 31-45 | Q45: =--(Table1[[#This Row],[Patient Waittime]]<=30) -> 0 | R45: =--Table1[[#This Row],[Patient Admission Flag]] -> 1 | S45: =--AND(Table1[[#This Row],[WithinTarget]]=1,Table1[[#This Row],[Patient Satisfaction Score]]>=7) -> 0 | T45: =IF(LEFT(Table1[[#This Row],[Patient Gender]],1)="F","Female","Male") -> Female
A46: P0045 | B46: 45024.541 | C46: Female | D46: 50 | E46: White | F46: None | G46: TRUE | I46: 37 | J46: TRUE | K46: =YEAR(Table1[[#This Row],[Patient Admission Date]]) -> 2023 | L46: =TEXT(Table1[[#This Row],[Patient Admission Date]],"mmm") -> Apr | M46: =TEXT(Table1[[#This Row],[Patient Admission Date]],"ddd") -> Sat | N46: =TEXT(INT(HOUR(Table1[[#This Row],[Patient Admission Date]])/3)*3,"00")&"-"&TEXT(INT(HOUR(Table1[[#This Row],[Patient Admission Date]])/3)*3+3,"00") -> 12-15 | O46: {=_xlfn.IFS(Table1[[#This Row],[Patient Age]]<=14,"0-14",Table1[[#This Row],[Patient Age]]<=29,"15-29",Table1[[#This Row],[Patient Age]]<=44,"30-44",Table1[[#This Row],[Patient Age]]<=59,"45-59",Table1[[#This Row],[Patient Age]]<=74,"60-74",TRUE,"75+")} -> 45-59 | P46: {=_xlfn.IFS(Table1[[#This Row],[Patient Waittime]]<=15,"0-15",Table1[[#This Row],[Patient Waittime]]<=30,"16-30",Table1[[#This Row],[Patient Waittime]]<=45,"31-45",Table1[[#This Row],[Patient Waittime]]<=60,"46-60",TRUE,"60+")} -> 31-45 | Q46: =--(Table1[[#This Row],[Patient Waittime]]<=30) -> 0 | R46: =--Table1[[#This Row],[Patient Admission Flag]] -> 1 | S46: =--AND(Table1[[#This Row],[WithinTarget]]=1,Table1[[#This Row],[Patient Satisfaction Score]]>=7) -> 0 | T46: =IF(LEFT(Table1[[#This Row],[Patient Gender]],1)="F","Female","Male") -> Female
A47: P0046 | B47: 45172.777 | C47: Female | D47: 33 | E47: Declined to Identify | F47: None | G47: TRUE | H47: 3 | I47: 16 | J47: TRUE | K47: =YEAR(Table1[[#This Row],[Patient Admission Date]]) -> 2023 | L47: =TEXT(Table1[[#This Row],[Patient Admission Date]],"mmm") -> Sep | M47: =TEXT(Table1[[#This Row],[Patient Admission Date]],"ddd") -> Sun | N47: =TEXT(INT(HOUR(Table1[[#This Row],[Patient Admission Date]])/3)*3,"00")&"-"&TEXT(INT(HOUR(Table1[[#This Row],[Patient Admission Date]])/3)*3+3,"00") -> 18-21 | O47: {=_xlfn.IFS(Table1[[#This Row],[Patient Age]]<=14,"0-14",Table1[[#This Row],[Patient Age]]<=29,"15-29",Table1[[#This Row],[Patient Age]]<=44,"30-44",Table1[[#This Row],[Patient Age]]<=59,"45-59",Table1[[#This Row],[Patient Age]]<=74,"60-74",TRUE,"75+")} -> 30-44 | P47: {=_xlfn.IFS(Table1[[#This Row],[Patient Waittime]]<=15,"0-15",Table1[[#This Row],[Patient Waittime]]<=30,"16-30",Table1[[#This Row],[Patient Waittime]]<=45,"31-45",Table1[[#This Row],[Patient Waittime]]<=60,"46-60",TRUE,"60+")} -> 16-30 | Q47: =--(Table1[[#This Row],[Patient Waittime]]<=30) -> 1 | R47: =--Table1[[#This Row],[Patient Admission Flag]] -> 1 | S47: =--AND(Table1[[#This Row],[WithinTarget]]=1,Table1[[#This Row],[Patient Satisfaction Score]]>=7) -> 0 | T47: =IF(LEFT(Table1[[#This Row],[Patient Gender]],1)="F","Female","Male") -> Female
A48: P0047 | B48: 45136.734 | C48: M | D48: 17 | E48: Two or More Races | F48: None | G48: FALSE | I48: 56 | J48: FALSE | K48: =YEAR(Table1[[#This Row],[Patient Admission Date]]) -> 2023 | L48: =TEXT(Table1[[#This Row],[Patient Admission Date]],"mmm") -> Jul | M48: =TEXT(Table1[[#This Row],[Patient Admission Date]],"ddd") -> Sat | N48: =TEXT(INT(HOUR(Table1[[#This Row],[Patient Admission Date]])/3)*3,"00")&"-"&TEXT(INT(HOUR(Table1[[#This Row],[Patient Admission Date]])/3)*3+3,"00") -> 15-18 | O48: {=_xlfn.IFS(Table1[[#This Row],[Patient Age]]<=14,"0-14",Table1[[#This Row],[Patient Age]]<=29,"15-29",Table1[[#This Row],[Patient Age]]<=44,"30-44",Table1[[#This Row],[Patient Age]]<=59,"45-59",Table1[[#This Row],[Patient Age]]<=74,"60-74",TRUE,"75+")} -> 15-29 | P48: {=_xlfn.IFS(Table1[[#This Row],[Patient Waittime]]<=15,"0-15",Table1[[#This Row],[Patient Waittime]]<=30,"16-30",Table1[[#This Row],[Patient Waittime]]<=45,"31-45",Table1[[#This Row],[Patient Waittime]]<=60,"46-60",TRUE,"60+")} -> 46-60 | Q48: =--(Table1[[#This Row],[Patient Waittime]]<=30) -> 0 | R48: =--Table1[[#This Row],[Patient Admission Flag]] -> 0 | S48: =--AND(Table1[[#This Row],[WithinTarget]]=1,Table1[[#This Row],[Patient Satisfaction Score]]>=7) -> 0 | T48: =IF(LEFT(Table1[[#This Row],[Patient Gender]],1)="F","Female","Male") -> Male
A49: P0048 | B49: 45514.11 | C49: Female | D49: 45 | E49: White | F49: Orthopedics | G49: FALSE | I49: 57 | J49: FALSE | K49: =YEAR(Table1[[#This Row],[Patient Admission Date]]) -> 2024 | L49: =TEXT(Table1[[#This Row],[Patient Admission Date]],"mmm") -> Aug | M49: =TEXT(Table1[[#This Row],[Patient Admission Date]],"ddd") -> Sat | N49: =TEXT(INT(HOUR(Table1[[#This Row],[Patient Admission Date]])/3)*3,"00")&"-"&TEXT(INT(HOUR(Table1[[#This Row],[Patient Admission Date]])/3)*3+3,"00") -> 00-03 | O49: {=_xlfn.IFS(Table1[[#This Row],[Patient Age]]<=14,"0-14",Table1[[#This Row],[Patient Age]]<=29,"15-29",Table1[[#This Row],[Patient Age]]<=44,"30-44",Table1[[#This Row],[Patient Age]]<=59,"45-59",Table1[[#This Row],[Patient Age]]<=74,"60-74",TRUE,"75+")} -> 45-59 | P49: {=_xlfn.IFS(Table1[[#This Row],[Patient Waittime]]<=15,"0-15",Table1[[#This Row],[Patient Waittime]]<=30,"16-30",Table1[[#This Row],[Patient Waittime]]<=45,"31-45",Table1[[#This Row],[Patient Waittime]]<=60,"46-60",TRUE,"60+")} -> 46-60 | Q49: =--(Table1[[#This Row],[Patient Waittime]]<=30) -> 0 | R49: =--Table1[[#This Row],[Patient Admission Flag]] -> 0 | S49: =--AND(Table1[[#This Row],[WithinTarget]]=1,Table1[[#This Row],[Patient Satisfaction Score]]>=7) -> 0 | T49: =IF(LEFT(Table1[[#This Row],[Patient Gender]],1)="F","Female","Male") -> Female
A50: P0049 | B50: 45210.081 | C50: Female | D50: 53 | E50: White | F50: None | G50: FALSE | I50: 21 | J50: FALSE | K50: =YEAR(Table1[[#This Row],[Patient Admission Date]]) -> 2023 | L50: =TEXT(Table1[[#This Row],[Patient Admission Date]],"mmm") -> Oct | M50: =TEXT(Table1[[#This Row],[Patient Admission Date]],"ddd") -> Wed | N50: =TEXT(INT(HOUR(Table1[[#This Row],[Patient Admission Date]])/3)*3,"00")&"-"&TEXT(INT(HOUR(Table1[[#This Row],[Patient Admission Date]])/3)*3+3,"00") -> 00-03 | O50: {=_xlfn.IFS(Table1[[#This Row],[Patient Age]]<=14,"0-14",Table1[[#This Row],[Patient Age]]<=29,"15-29",Table1[[#This Row],[Patient Age]]<=44,"30-44",Table1[[#This Row],[Patient Age]]<=59,"45-59",Table1[[#This Row],[Patient Age]]<=74,"60-74",TRUE,"75+")} -> 45-59 | P50: {=_xlfn.IFS(Table1[[#This Row],[Patient Waittime]]<=15,"0-15",Table1[[#This Row],[Patient Waittime]]<=30,"16-30",Table1[[#This Row],[Patient Waittime]]<=45,"31-45",Table1[[#This Row],[Patient Waittime]]<=60,"46-60",TRUE,"60+")} -> 16-30 | Q50: =--(Table1[[#This Row],[Patient Waittime]]<=30) -> 1 | R50: =--Table1[[#This Row],[Patient Admission Flag]] -> 0 | S50: =--AND(Table1[[#This Row],[WithinTarget]]=1,Table1[[#This Row],[Patient Satisfaction Score]]>=7) -> 0 | T50: =IF(LEFT(Table1[[#This Row],[Patient Gender]],1)="F","Female","Male") -> Female
A51: P0050 | B51: 45034.949 | C51: Female | D51: 15 | E51: White | F51: None | G51: FALSE | I51: 29 | J51: FALSE | K51: =YEAR(Table1[[#This Row],[Patient Admission Date]]) -> 2023 | L51: =TEXT(Table1[[#This Row],[Patient Admission Date]],"mmm") -> Apr | M51: =TEXT(Table1[[#This Row],[Patient Admission Date]],"ddd") -> Tue | N51: =TEXT(INT(HOUR(Table1[[#This Row],[Patient Admission Date]])/3)*3,"00")&"-"&TEXT(INT(HOUR(Table1[[#This Row],[Patient Admission Date]])/3)*3+3,"00") -> 21-24 | O51: {=_xlfn.IFS(Table1[[#This Row],[Patient Age]]<=14,"0-14",Table1[[#This Row],[Patient Age]]<=29,"15-29",Table1[[#This Row],[Patient Age]]<=44,"30-44",Table1[[#This Row],[Patient Age]]<=59,"45-59",Table1[[#This Row],[Patient Age]]<=74,"60-74",TRUE,"75+")} -> 15-29 | P51: {=_xlfn.IFS(Table1[[#This Row],[Patient Waittime]]<=15,"0-15",Table1[[#This Row],[Patient Waittime]]<=30,"16-30",Table1[[#This Row],[Patient Waittime]]<=45,"31-45",Table1[[#This Row],[Patient Waittime]]<=60,"46-60",TRUE,"60+")} -> 16-30 | Q51: =--(Table1[[#This Row],[Patient Waittime]]<=30) -> 1 | R51: =--Table1[[#This Row],[Patient Admission Flag]] -> 0 | S51: =--AND(Table1[[#This Row],[WithinTarget]]=1,Table1[[#This Row],[Patient Satisfaction Score]]>=7) -> 0 | T51: =IF(LEFT(Table1[[#This Row],[Patient Gender]],1)="F","Female","Male") -> Female
A52: P0051 | B52: 45543.435 | C52: M | D52: 48 | E52: Pacific Islander | F52: None | G52: FALSE | I52: 13 | J52: FALSE | K52: =YEAR(Table1[[#This Row],[Patient Admission Date]]) -> 2024 | L52: =TEXT(Table1[[#This Row],[Patient Admission Date]],"mmm") -> Sep | M52: =TEXT(Table1[[#This Row],[Patient Admission Date]],"ddd") -> Sun | N52: =TEXT(INT(HOUR(Table1[[#This Row],[Patient Admission Date]])/3)*3,"00")&"-"&TEXT(INT(HOUR(Table1[[#This Row],[Patient Admission Date]])/3)*3+3,"00") -> 09-12 | O52: {=_xlfn.IFS(Table1[[#This Row],[Patient Age]]<=14,"0-14",Table1[[#This Row],[Patient Age]]<=29,"15-29",Table1[[#This Row],[Patient Age]]<=44,"30-44",Table1[[#This Row],[Patient Age]]<=59,"45-59",Table1[[#This Row],[Patient Age]]<=74,"60-74",TRUE,"75+")} -> 45-59 | P52: {=_xlfn.IFS(Table1[[#This Row],[Patient Waittime]]<=15,"0-15",Table1[[#This Row],[Patient Waittime]]<=30,"16-30",Table1[[#This Row],[Patient Waittime]]<=45,"31-45",Table1[[#This Row],[Patient Waittime]]<=60,"46-60",TRUE,"60+")} -> 0-15 | Q52: =--(Table1[[#This Row],[Patient Waittime]]<=30) -> 1 | R52: =--Table1[[#This Row],[Patient Admission Flag]] -> 0 | S52: =--AND(Table1[[#This Row],[WithinTarget]]=1,Table1[[#This Row],[Patient Satisfaction Score]]>=7) -> 0 | T52: =IF(LEFT(Table1[[#This Row],[Patient Gender]],1)="F","Female","Male") -> Male
A53: P0052 | B53: 45438.285 | C53: Female | D53: 20 | E53: Asian | F53: None | G53: TRUE | I53: 53 | J53: TRUE | K53: =YEAR(Table1[[#This Row],[Patient Admission Date]]) -> 2024 | L53: =TEXT(Table1[[#This Row],[Patient Admission Date]],"mmm") -> May | M53: =TEXT(Table1[[#This Row],[Patient Admission Date]],"ddd") -> Sun | N53: =TEXT(INT(HOUR(Table1[[#This Row],[Patient Admission Date]])/3)*3,"00")&"-"&TEXT(INT(HOUR(Table1[[#This Row],[Patient Admission Date]])/3)*3+3,"00") -> 06-09 | O53: {=_xlfn.IFS(Table1[[#This Row],[Patient Age]]<=14,"0-14",Table1[[#This Row],[Patient Age]]<=29,"15-29",Table1[[#This Row],[Patient Age]]<=44,"30-44",Table1[[#This Row],[Patient Age]]<=59,"45-59",Table1[[#This Row],[Patient Age]]<=74,"60-74",TRUE,"75+")} -> 15-29 | P53: {=_xlfn.IFS(Table1[[#This Row],[Patient Waittime]]<=15,"0-15",Table1[[#This Row],[Patient Waittime]]<=30,"16-30",Table1[[#This Row],[Patient Waittime]]<=45,"31-45",Table1[[#This Row],[Patient Waittime]]<=60,"46-60",TRUE,"60+")} -> 46-60 | Q53: =--(Table1[[#This Row],[Patient Waittime]]<=30) -> 0 | R53: =--Table1[[#This Row],[Patient Admission Flag]] -> 1 | S53: =--AND(Table1[[#This Row],[WithinTarget]]=1,Table1[[#This Row],[Patient Satisfaction Score]]>=7) -> 0 | T53: =IF(LEFT(Table1[[#This Row],[Patient Gender]],1)="F","Female","Male") -> Female
A54: P0053 | B54: 45427.882 | C54: M | D54: 45 | E54: Asian | F54: None | G54: FALSE | I54: 37 | J54: FALSE | K54: =YEAR(Table1[[#This Row],[Patient Admission Date]]) -> 2024 | L54: =TEXT(Table1[[#This Row],[Patient Admission Date]],"mmm") -> May | M54: =TEXT(Table1[[#This Row],[Patient Admission Date]],"ddd") -> Wed | N54: =TEXT(INT(HOUR(Table1[[#This Row],[Patient Admission Date]])/3)*3,"00")&"-"&TEXT(INT(HOUR(Table1[[#This Row],[Patient Admission Date]])/3)*3+3,"00") -> 21-24 | O54: {=_xlfn.IFS(Table1[[#This Row],[Patient Age]]<=14,"0-14",Table1[[#This Row],[Patient Age]]<=29,"15-29",Table1[[#This Row],[Patient Age]]<=44,"30-44",Table1[[#This Row],[Patient Age]]<=59,"45-59",Table1[[#This Row],[Patient Age]]<=74,"60-74",TRUE,"75+")} -> 45-59 | P54: {=_xlfn.IFS(Table1[[#This Row],[Patient Waittime]]<=15,"0-15",Table1[[#This Row],[Patient Waittime]]<=30,"16-30",Table1[[#This Row],[Patient Waittime]]<=45,"31-45",Table1[[#This Row],[Patient Waittime]]<=60,"46-60",TRUE,"60+")} -> 31-45 | Q54: =--(Table1[[#This Row],[Patient Waittime]]<=30) -> 0 | R54: =--Table1[[#This Row],[Patient Admission Flag]] -> 0 | S54: =--AND(Table1[[#This Row],[WithinTarget]]=1,Table1[[#This Row],[Patient Satisfaction Score]]>=7) -> 0 | T54: =IF(LEFT(Table1[[#This Row],[Patient Gender]],1)="F","Female","Male") -> Male
A55: P0054 | B55: 45560.674 | C55: Female | D55: 76 | E55: African American | F55: General Practice | G55: TRUE | I55: 19 | J55: TRUE | K55: =YEAR(Table1[[#This Row],[Patient Admission Date]]) -> 2024 | L55: =TEXT(Table1[[#This Row],[Patient Admission Date]],"mmm") -> Sep | M55: =TEXT(Table1[[#This Row],[Patient Admission Date]],"ddd") -> Wed | N55: =TEXT(INT(HOUR(Table1[[#This Row],[Patient Admission Date]])/3)*3,"00")&"-"&TEXT(INT(HOUR(Table1[[#This Row],[Patient Admission Date]])/3)*3+3,"00") -> 15-18 | O55: {=_xlfn.IFS(Table1[[#This Row],[Patient Age]]<=14,"0-14",Table1[[#This Row],[Patient Age]]<=29,"15-29",Table1[[#This Row],[Patient Age]]<=44,"30-44",Table1[[#This Row],[Patient Age]]<=59,"45-59",Table1[[#This Row],[Patient Age]]<=74,"60-74",TRUE,"75+")} -> 75+ | P55: {=_xlfn.IFS(Table1[[#This Row],[Patient Waittime]]<=15,"0-15",Table1[[#This Row],[Patient Waittime]]<=30,"16-30",Table1[[#This Row],[Patient Waittime]]<=45,"31-45",Table1[[#This Row],[Patient Waittime]]<=60,"46-60",TRUE,"60+")} -> 16-30 | Q55: =--(Table1[[#This Row],[Patient Waittime]]<=30) -> 1 | R55: =--Table1[[#This Row],[Patient Admission Flag]] -> 1 | S55: =--AND(Table1[[#This Row],[WithinTarget]]=1,Table1[[#This Row],[Patient Satisfaction Score]]>=7) -> 0 | T55: =IF(LEFT(Table1[[#This Row],[Patient Gender]],1)="F","Female","Male") -> Female
A56: P0055 | B56: 45589.203 | C56: M | D56: 74 | E56: Two or More Races | F56: General Practice | G56: TRUE | H56: 9 | I56: 48 | J56: TRUE | K56: =YEAR(Table1[[#This Row],[Patient Admission Date]]) -> 2024 | L56: =TEXT(Table1[[#This Row],[Patient Admission Date]],"mmm") -> Oct | M56: =TEXT(Table1[[#This Row],[Patient Admission Date]],"ddd") -> Thu | N56: =TEXT(INT(HOUR(Table1[[#This Row],[Patient Admission Date]])/3)*3,"00")&"-"&TEXT(INT(HOUR(Table1[[#This Row],[Patient Admission Date]])/3)*3+3,"00") -> 03-06 | O56: {=_xlfn.IFS(Table1[[#This Row],[Patient Age]]<=14,"0-14",Table1[[#This Row],[Patient Age]]<=29,"15-29",Table1[[#This Row],[Patient Age]]<=44,"30-44",Table1[[#This Row],[Patient Age]]<=59,"45-59",Table1[[#This Row],[Patient Age]]<=74,"60-74",TRUE,"75+")} -> 60-74 | P56: {=_xlfn.IFS(Table1[[#This Row],[Patient Waittime]]<=15,"0-15",Table1[[#This Row],[Patient Waittime]]<=30,"16-30",Table1[[#This Row],[Patient Waittime]]<=45,"31-45",Table1[[#This Row],[Patient Waittime]]<=60,"46-60",TRUE,"60+")} -> 46-60 | Q56: =--(Table1[[#This Row],[Patient Waittime]]<=30) -> 0 | R56: =--Table1[[#This Row],[Patient Admission Flag]] -> 1 | S56: =--AND(Table1[[#This Row],[WithinTarget]]=1,Table1[[#This Row],[Patient Satisfaction Score]]>=7) -> 0 | T56: =IF(LEFT(Table1[[#This Row],[Patient Gender]],1)="F","Female","Male") -> Male
A57: P0056 | B57: 45580.445 | C57: M | D57: 15 | E57: Declined to Identify | F57: None | G57: TRUE | I57: 57 | J57: TRUE | K57: =YEAR(Table1[[#This Row],[Patient Admission Date]]) -> 2024 | L57: =TEXT(Table1[[#This Row],[Patient Admission Date]],"mmm") -> Oct | M57: =TEXT(Table1[[#This Row],[Patient Admission Date]],"ddd") -> Tue | N57: =TEXT(INT(HOUR(Table1[[#This Row],[Patient Admission Date]])/3)*3,"00")&"-"&TEXT(INT(HOUR(Table1[[#This Row],[Patient Admission Date]])/3)*3+3,"00") -> 09-12 | O57: {=_xlfn.IFS(Table1[[#This Row],[Patient Age]]<=14,"0-14",Table1[[#This Row],[Patient Age]]<=29,"15-29",Table1[[#This Row],[Patient Age]]<=44,"30-44",Table1[[#This Row],[Patient Age]]<=59,"45-59",Table1[[#This Row],[Patient Age]]<=74,"60-74",TRUE,"75+")} -> 15-29 | P57: {=_xlfn.IFS(Table1[[#This Row],[Patient Waittime]]<=15,"0-15",Table1[[#This Row],[Patient Waittime]]<=30,"16-30",Table1[[#This Row],[Patient Waittime]]<=45,"31-45",Table1[[#This Row],[Patient Waittime]]<=60,"46-60",TRUE,"60+")} -> 46-60 | Q57: =--(Table1[[#This Row],[Patient Waittime]]<=30) -> 0 | R57: =--Table1[[#This Row],[Patient Admission Flag]] -> 1 | S57: =--AND(Table1[[#This Row],[WithinTarget]]=1,Table1[[#This Row],[Patient Satisfaction Score]]>=7) -> 0 | T57: =IF(LEFT(Table1[[#This Row],[Patient Gender]],1)="F","Female","Male") -> Male
A58: P0057 | B58: 45404.208 | C58: M | D58: 21 | E58: Asian | F58: None | G58: TRUE | I58: 13 | J58: TRUE | K58: =YEAR(Table1[[#This Row],[Patient Admission Date]]) -> 2024 | L58: =TEXT(Table1[[#This Row],[Patient Admission Date]],"mmm") -> Apr | M58: =TEXT(Table1[[#This Row],[Patient Admission Date]],"ddd") -> Mon | N58: =TEXT(INT(HOUR(Table1[[#This Row],[Patient Admission Date]])/3)*3,"00")&"-"&TEXT(INT(HOUR(Table1[[#This Row],[Patient Admission Date]])/3)*3+3,"00") -> 03-06 | O58: {=_xlfn.IFS(Table1[[#This Row],[Patient Age]]<=14,"0-14",Table1[[#This Row],[Patient Age]]<=29,"15-29",Table1[[#This Row],[Patient Age]]<=44,"30-44",Table1[[#This Row],[Patient Age]]<=59,"45-59",Table1[[#This Row],[Patient Age]]<=74,"60-74",TRUE,"75+")} -> 15-29 | P58: {=_xlfn.IFS(Table1[[#This Row],[Patient Waittime]]<=15,"0-15",Table1[[#This Row],[Patient Waittime]]<=30,"16-30",Table1[[#This Row],[Patient Waittime]]<=45,"31-45",Table1[[#This Row],[Patient Waittime]]<=60,"46-60",TRUE,"60+")} -> 0-15 | Q58: =--(Table1[[#This Row],[Patient Waittime]]<=30) -> 1 | R58: =--Table1[[#This Row],[Patient Admission Flag]] -> 1 | S58: =--AND(Table1[[#This Row],[WithinTarget]]=1,Table1[[#This Row],[Patient Satisfaction Score]]>=7) -> 0 | T58: =IF(LEFT(Table1[[#This Row],[Patient Gender]],1)="F","Female","Male") -> Male
A59: P0058 | B59: 45356.584 | C59: M | D59: 47 | E59: Declined to Identify | F59: General Practice | G59: FALSE | I59: 45 | J59: FALSE | K59: =YEAR(Table1[[#This Row],[Patient Admission Date]]) -> 2024 | L59: =TEXT(Table1[[#This Row],[Patient Admission Date]],"mmm") -> Mar | M59: =TEXT(Table1[[#This Row],[Patient Admission Date]],"ddd") -> Tue | N59: =TEXT(INT(HOUR(Table1[[#This Row],[Patient Admission Date]])/3)*3,"00")&"-"&TEXT(INT(HOUR(Table1[[#This Row],[Patient Admission Date]])/3)*3+3,"00") -> 12-15 | O59: {=_xlfn.IFS(Table1[[#This Row],[Patient Age]]<=14,"0-14",Table1[[#This Row],[Patient Age]]<=29,"15-29",Table1[[#This Row],[Patient Age]]<=44,"30-44",Table1[[#This Row],[Patient Age]]<=59,"45-59",Table1[[#This Row],[Patient Age]]<=74,"60-74",TRUE,"75+")} -> 45-59 | P59: {=_xlfn.IFS(Table1[[#This Row],[Patient Waittime]]<=15,"0-15",Table1[[#This Row],[Patient Waittime]]<=30,"16-30",Table1[[#This Row],[Patient Waittime]]<=45,"31-45",Table1[[#This Row],[Patient Waittime]]<=60,"46-60",TRUE,"60+")} -> 31-45 | Q59: =--(Table1[[#This Row],[Patient Waittime]]<=30) -> 0 | R59: =--Table1[[#This Row],[Patient Admission Flag]] -> 0 | S59: =--AND(Table1[[#This Row],[WithinTarget]]=1,Table1[[#This Row],[Patient Satisfaction Score]]>=7) -> 0 | T59: =IF(LEFT(Table1[[#This Row],[Patient Gender]],1)="F","Female","Male") -> Male
A60: P0059 | B60: 45459.708 | C60: M | D60: 60 | E60: Asian | F60: None | G60: TRUE | I60: 41 | J60: TRUE | K60: =YEAR(Table1[[#This Row],[Patient Admission Date]]) -> 2024 | L60: =TEXT(Table1[[#This Row],[Patient Admission Date]],"mmm") -> Jun | M60: =TEXT(Table1[[#This Row],[Patient Admission Date]],"ddd") -> Sun | N60: =TEXT(INT(HOUR(Table1[[#This Row],[Patient Admission Date]])/3)*3,"00")&"-"&TEXT(INT(HOUR(Table1[[#This Row],[Patient Admission Date]])/3)*3+3,"00") -> 15-18 | O60: {=_xlfn.IFS(Table1[[#This Row],[Patient Age]]<=14,"0-14",Table1[[#This Row],[Patient Age]]<=29,"15-29",Table1[[#This Row],[Patient Age]]<=44,"30-44",Table1[[#This Row],[Patient Age]]<=59,"45-59",Table1[[#This Row],[Patient Age]]<=74,"60-74",TRUE,"75+")} -> 60-74 | P60: {=_xlfn.IFS(Table1[[#This Row],[Patient Waittime]]<=15,"0-15",Table1[[#This Row],[Patient Waittime]]<=30,"16-30",Table1[[#This Row],[Patient Waittime]]<=45,"31-45",Table1[[#This Row],[Patient Waittime]]<=60,"46-60",TRUE,"60+")} -> 31-45 | Q60: =--(Table1[[#This Row],[Patient Waittime]]<=30) -> 0 | R60: =--Table1[[#This Row],[Patient Admission Flag]] -> 1 | S60: =--AND(Table1[[#This Row],[WithinTarget]]=1,Table1[[#This Row],[Patient Satisfaction Score]]>=7) -> 0 | T60: =IF(LEFT(Table1[[#This Row],[Patient Gender]],1)="F","Female","Male") -> Male
A61: P0060 | B61: 45188.222 | C61: M | D61: 10 | E61: Two or More Races | F61: Orthopedics | G61: FALSE | I61: 55 | J61: FALSE | K61: =YEAR(Table1[[#This Row],[Patient Admission Date]]) -> 2023 | L61: =TEXT(Table1[[#This Row],[Patient Admission Date]],"mmm") -> Sep | M61: =TEXT(Table1[[#This Row],[Patient Admission Date]],"ddd") -> Tue | N61: =TEXT(INT(HOUR(Table1[[#This Row],[Patient Admission Date]])/3)*3,"00")&"-"&TEXT(INT(HOUR(Table1[[#This Row],[Patient Admission Date]])/3)*3+3,"00") -> 03-06 | O61: {=_xlfn.IFS(Table1[[#This Row],[Patient Age]]<=14,"0-14",Table1[[#This Row],[Patient Age]]<=29,"15-29",Table1[[#This Row],[Patient Age]]<=44,"30-44",Table1[[#This Row],[Patient Age]]<=59,"45-59",Table1[[#This Row],[Patient Age]]<=74,"60-74",TRUE,"75+")} -> 0-14 | P61: {=_xlfn.IFS(Table1[[#This Row],[Patient Waittime]]<=15,"0-15",Table1[[#This Row],[Patient Waittime]]<=30,"16-30",Table1[[#This Row],[Patient Waittime]]<=45,"31-45",Table1[[#This Row],[Patient Waittime]]<=60,"46-60",TRUE,"60+")} -> 46-60 | Q61: =--(Table1[[#This Row],[Patient Waittime]]<=30) -> 0 | R61: =--Table1[[#This Row],[Patient Admission Flag]] -> 0 | S61: =--AND(Table1[[#This Row],[WithinTarget]]=1,Table1[[#This Row],[Patient Satisfaction Score]]>=7) -> 0 | T61: =IF(LEFT(Table1[[#This Row],[Patient Gender]],1)="F","Female","Male") -> Male
A62: P0061 | B62: 45374.467 | C62: M | D62: 54 | E62: Two or More Races | F62: None | G62: FALSE | H62: 10 | I62: 58 | J62: FALSE | K62: =YEAR(Table1[[#This Row],[Patient Admission Date]]) -> 2024 | L62: =TEXT(Table1[[#This Row],[Patient Admission Date]],"mmm") -> Mar | M62: =TEXT(Table1[[#This Row],[Patient Admission Date]],"ddd") -> Sat | N62: =TEXT(INT(HOUR(Table1[[#This Row],[Patient Admission Date]])/3)*3,"00")&"-"&TEXT(INT(HOUR(Table1[[#This Row],[Patient Admission Date]])/3)*3+3,"00") -> 09-12 | O62: {=_xlfn.IFS(Table1[[#This Row],[Patient Age]]<=14,"0-14",Table1[[#This Row],[Patient Age]]<=29,"15-29",Table1[[#This Row],[Patient Age]]<=44,"30-44",Table1[[#This Row],[Patient Age]]<=59,"45-59",Table1[[#This Row],[Patient Age]]<=74,"60-74",TRUE,"75+")} -> 45-59 | P62: {=_xlfn.IFS(Table1[[#This Row],[Patient Waittime]]<=15,"0-15",Table1[[#This Row],[Patient Waittime]]<=30,"16-30",Table1[[#This Row],[Patient Waittime]]<=45,"31-45",Table1[[#This Row],[Patient Waittime]]<=60,"46-60",TRUE,"60+")} -> 46-60 | Q62: =--(Table1[[#This Row],[Patient Waittime]]<=30) -> 0 | R62: =--Table1[[#This Row],[Patient Admission Flag]] -> 0 | S62: =--AND(Table1[[#This Row],[WithinTarget]]=1,Table1[[#This Row],[Patient Satisfaction Score]]>=7) -> 0 | T62: =IF(LEFT(Table1[[#This Row],[Patient Gender]],1)="F","Female","Male") -> Male
A63: P0062 | B63: 45305.255 | C63: Female | D63: 15 | E63: White | F63: None | G63: TRUE | H63: 7 | I63: 12 | J63: TRUE | K63: =YEAR(Table1[[#This Row],[Patient Admission Date]]) -> 2024 | L63: =TEXT(Table1[[#This Row],[Patient Admission Date]],"mmm") -> Jan | M63: =TEXT(Table1[[#This Row],[Patient Admission Date]],"ddd") -> Sun | N63: =TEXT(INT(HOUR(Table1[[#This Row],[Patient Admission Date]])/3)*3,"00")&"-"&TEXT(INT(HOUR(Table1[[#This Row],[Patient Admission Date]])/3)*3+3,"00") -> 06-09 | O63: {=_xlfn.IFS(Table1[[#This Row],[Patient Age]]<=14,"0-14",Table1[[#This Row],[Patient Age]]<=29,"15-29",Table1[[#This Row],[Patient Age]]<=44,"30-44",Table1[[#This Row],[Patient Age]]<=59,"45-59",Table1[[#This Row],[Patient Age]]<=74,"60-74",TRUE,"75+")} -> 15-29 | P63: {=_xlfn.IFS(Table1[[#This Row],[Patient Waittime]]<=15,"0-15",Table1[[#This Row],[Patient Waittime]]<=30,"16-30",Table1[[#This Row],[Patient Waittime]]<=45,"31-45",Table1[[#This Row],[Patient Waittime]]<=60,"46-60",TRUE,"60+")} -> 0-15 | Q63: =--(Table1[[#This Row],[Patient Waittime]]<=30) -> 1 | R63: =--Table1[[#This Row],[Patient Admission Flag]] -> 1 | S63: =--AND(Table1[[#This Row],[WithinTarget]]=1,Table1[[#This Row],[Patient Satisfaction Score]]>=7) -> 1 | T63: =IF(LEFT(Table1[[#This Row],[Patient Gender]],1)="F","Female","Male") -> Female
A64: P0063 | B64: 45408.388 | C64: M | D64: 55 | E64: Declined to Identify | F64: General Practice | G64: TRUE | I64: 30 | J64: TRUE | K64: =YEAR(Table1[[#This Row],[Patient Admission Date]]) -> 2024 | L64: =TEXT(Table1[[#This Row],[Patient Admission Date]],"mmm") -> Apr | M64: =TEXT(Table1[[#This Row],[Patient Admission Date]],"ddd") -> Fri | N64: =TEXT(INT(HOUR(Table1[[#This Row],[Patient Admission Date]])/3)*3,"00")&"-"&TEXT(INT(HOUR(Table1[[#This Row],[Patient Admission Date]])/3)*3+3,"00") -> 09-12 | O64: {=_xlfn.IFS(Table1[[#This Row],[Patient Age]]<=14,"0-14",Table1[[#This Row],[Patient Age]]<=29,"15-29",Table1[[#This Row],[Patient Age]]<=44,"30-44",Table1[[#This Row],[Patient Age]]<=59,"45-59",Table1[[#This Row],[Patient Age]]<=74,"60-74",TRUE,"75+")} -> 45-59 | P64: {=_xlfn.IFS(Table1[[#This Row],[Patient Waittime]]<=15,"0-15",Table1[[#This Row],[Patient Waittime]]<=30,"16-30",Table1[[#This Row],[Patient Waittime]]<=45,"31-45",Table1[[#This Row],[Patient Waittime]]<=60,"46-60",TRUE,"60+")} -> 16-30 | Q64: =--(Table1[[#This Row],[Patient Waittime]]<=30) -> 1 | R64: =--Table1[[#This Row],[Patient Admission Flag]] -> 1 | S64: =--AND(Table1[[#This Row],[WithinTarget]]=1,Table1[[#This Row],[Patient Satisfaction Score]]>=7) -> 0 | T64: =IF(LEFT(Table1[[#This Row],[Patient Gender]],1)="F","Female","Male") -> Male
A65: P0064 | B65: 45146.474 | C65: M | D65: 11 | E65: White | F65: General Practice | G65: FALSE | I65: 48 | J65: FALSE | K65: =YEAR(Table1[[#This Row],[Patient Admission Date]]) -> 2023 | L65: =TEXT(Table1[[#This Row],[Patient Admission Date]],"mmm") -> Aug | M65: =TEXT(Table1[[#This Row],[Patient Admission Date]],"ddd") -> Tue | N65: =TEXT(INT(HOUR(Table1[[#This Row],[Patient Admission Date]])/3)*3,"00")&"-"&TEXT(INT(HOUR(Table1[[#This Row],[Patient Admission Date]])/3)*3+3,"00") -> 09-12 | O65: {=_xlfn.IFS(Table1[[#This Row],[Patient Age]]<=14,"0-14",Table1[[#This Row],[Patient Age]]<=29,"15-29",Table1[[#This Row],[Patient Age]]<=44,"30-44",Table1[[#This Row],[Patient Age]]<=59,"45-59",Table1[[#This Row],[Patient Age]]<=74,"60-74",TRUE,"75+")} -> 0-14 | P65: {=_xlfn.IFS(Table1[[#This Row],[Patient Waittime]]<=15,"0-15",Table1[[#This Row],[Patient Waittime]]<=30,"16-30",Table1[[#This Row],[Patient Waittime]]<=45,"31-45",Table1[[#This Row],[Patient Waittime]]<=60,"46-60",TRUE,"60+")} -> 46-60 | Q65: =--(Table1[[#This Row],[Patient Waittime]]<=30) -> 0 | R65: =--Table1[[#This Row],[Patient Admission Flag]] -> 0 | S65: =--AND(Table1[[#This Row],[WithinTarget]]=1,Table1[[#This Row],[Patient Satisfaction Score]]>=7) -> 0 | T65: =IF(LEFT(Table1[[#This Row],[Patient Gender]],1)="F","Female","Male") -> Male
A66: P0065 | B66: 45532.944 | C66: M | D66: 7 | E66: Asian | F66: None | G66: FALSE | I66: 31 | J66: FALSE | K66: =YEAR(Table1[[#This Row],[Patient Admission Date]]) -> 2024 | L66: =TEXT(Table1[[#This Row],[Patient Admission Date]],"mmm") -> Aug | M66: =TEXT(Table1[[#This Row],[Patient Admission Date]],"ddd") -> Wed | N66: =TEXT(INT(HOUR(Table1[[#This Row],[Patient Admission Date]])/3)*3,"00")&"-"&TEXT(INT(HOUR(Table1[[#This Row],[Patient Admission Date]])/3)*3+3,"00") -> 21-24 | O66: {=_xlfn.IFS(Table1[[#This Row],[Patient Age]]<=14,"0-14",Table1[[#This Row],[Patient Age]]<=29,"15-29",Table1[[#This Row],[Patient Age]]<=44,"30-44",Table1[[#This Row],[Patient Age]]<=59,"45-59",Table1[[#This Row],[Patient Age]]<=74,"60-74",TRUE,"75+")} -> 0-14 | P66: {=_xlfn.IFS(Table1[[#This Row],[Patient Waittime]]<=15,"0-15",Table1[[#This Row],[Patient Waittime]]<=30,"16-30",Table1[[#This Row],[Patient Waittime]]<=45,"31-45",Table1[[#This Row],[Patient Waittime]]<=60,"46-60",TRUE,"60+")} -> 31-45 | Q66: =--(Table1[[#This Row],[Patient Waittime]]<=30) -> 0 | R66: =--Table1[[#This Row],[Patient Admission Flag]] -> 0 | S66: =--AND(Table1[[#This Row],[WithinTarget]]=1,Table1[[#This Row],[Patient Satisfaction Score]]>=7) -> 0 | T66: =IF(LEFT(Table1[[#This Row],[Patient Gender]],1)="F","Female","Male") -> Male
A67: P0066 | B67: 45152.474 | C67: M | D67: 49 | E67: Pacific Islander | F67: None | G67: TRUE | I67: 18 | J67: TRUE | K67: =YEAR(Table1[[#This Row],[Patient Admission Date]]) -> 2023 | L67: =TEXT(Table1[[#This Row],[Patient Admission Date]],"mmm") -> Aug | M67: =TEXT(Table1[[#This Row],[Patient Admission Date]],"ddd") -> Mon | N67: =TEXT(INT(HOUR(Table1[[#This Row],[Patient Admission Date]])/3)*3,"00")&"-"&TEXT(INT(HOUR(Table1[[#This Row],[Patient Admission Date]])/3)*3+3,"00") -> 09-12 | O67: {=_xlfn.IFS(Table1[[#This Row],[Patient Age]]<=14,"0-14",Table1[[#This Row],[Patient Age]]<=29,"15-29",Table1[[#This Row],[Patient Age]]<=44,"30-44",Table1[[#This Row],[Patient Age]]<=59,"45-59",Table1[[#This Row],[Patient Age]]<=74,"60-74",TRUE,"75+")} -> 45-59 | P67: {=_xlfn.IFS(Table1[[#This Row],[Patient Waittime]]<=15,"0-15",Table1[[#This Row],[Patient Waittime]]<=30,"16-30",Table1[[#This Row],[Patient Waittime]]<=45,"31-45",Table1[[#This Row],[Patient Waittime]]<=60,"46-60",TRUE,"60+")} -> 16-30 | Q67: =--(Table1[[#This Row],[Patient Waittime]]<=30) -> 1 | R67: =--Table1[[#This Row],[Patient Admission Flag]] -> 1 | S67: =--AND(Table1[[#This Row],[WithinTarget]]=1,Table1[[#This Row],[Patient Satisfaction Score]]>=7) -> 0 | T67: =IF(LEFT(Table1[[#This Row],[Patient Gender]],1)="F","Female","Male") -> Male
A68: P0067 | B68: 45182.872 | C68: Female | D68: 70 | E68: African American | F68: General Practice | G68: TRUE | I68: 55 | J68: TRUE | K68: =YEAR(Table1[[#This Row],[Patient Admission Date]]) -> 2023 | L68: =TEXT(Table1[[#This Row],[Patient Admission Date]],"mmm") -> Sep | M68: =TEXT(Table1[[#This Row],[Patient Admission Date]],"ddd") -> Wed | N68: =TEXT(INT(HOUR(Table1[[#This Row],[Patient Admission Date]])/3)*3,"00")&"-"&TEXT(INT(HOUR(Table1[[#This Row],[Patient Admission Date]])/3)*3+3,"00") -> 18-21 | O68: {=_xlfn.IFS(Table1[[#This Row],[Patient Age]]<=14,"0-14",Table1[[#This Row],[Patient Age]]<=29,"15-29",Table1[[#This Row],[Patient Age]]<=44,"30-44",Table1[[#This Row],[Patient Age]]<=59,"45-59",Table1[[#This Row],[Patient Age]]<=74,"60-74",TRUE,"75+")} -> 60-74 | P68: {=_xlfn.IFS(Table1[[#This Row],[Patient Waittime]]<=15,"0-15",Table1[[#This Row],[Patient Waittime]]<=30,"16-30",Table1[[#This Row],[Patient Waittime]]<=45,"31-45",Table1[[#This Row],[Patient Waittime]]<=60,"46-60",TRUE,"60+")} -> 46-60 | Q68: =--(Table1[[#This Row],[Patient Waittime]]<=30) -> 0 | R68: =--Table1[[#This Row],[Patient Admission Flag]] -> 1 | S68: =--AND(Table1[[#This Row],[WithinTarget]]=1,Table1[[#This Row],[Patient Satisfaction Score]]>=7) -> 0 | T68: =IF(LEFT(Table1[[#This Row],[Patient Gender]],1)="F","Female","Male") -> Female
A69: P0068 | B69: 45034.623 | C69: Female | D69: 16 | E69: Asian | F69: General Practice | G69: TRUE | I69: 51 | J69: TRUE | K69: =YEAR(Table1[[#This Row],[Patient Admission Date]]) -> 2023 | L69: =TEXT(Table1[[#This Row],[Patient Admission Date]],"mmm") -> Apr | M69: =TEXT(Table1[[#This Row],[Patient Admission Date]],"ddd") -> Tue | N69: =TEXT(INT(HOUR(Table1[[#This Row],[Patient Admission Date]])/3)*3,"00")&"-"&TEXT(INT(HOUR(Table1[[#This Row],[Patient Admission Date]])/3)*3+3,"00") -> 12-15 | O69: {=_xlfn.IFS(Table1[[#This Row],[Patient Age]]<=14,"0-14",Table1[[#This Row],[Patient Age]]<=29,"15-29",Table1[[#This Row],[Patient Age]]<=44,"30-44",Table1[[#This Row],[Patient Age]]<=59,"45-59",Table1[[#This Row],[Patient Age]]<=74,"60-74",TRUE,"75+")} -> 15-29 | P69: {=_xlfn.IFS(Table1[[#This Row],[Patient Waittime]]<=15,"0-15",Table1[[#This Row],[Patient Waittime]]<=30,"16-30",Table1[[#This Row],[Patient Waittime]]<=45,"31-45",Table1[[#This Row],[Patient Waittime]]<=60,"46-60",TRUE,"60+")} -> 46-60 | Q69: =--(Table1[[#This Row],[Patient Waittime]]<=30) -> 0 | R69: =--Table1[[#This Row],[Patient Admission Flag]] -> 1 | S69: =--AND(Table1[[#This Row],[WithinTarget]]=1,Table1[[#This Row],[Patient Satisfaction Score]]>=7) -> 0 | T69: =IF(LEFT(Table1[[#This Row],[Patient Gender]],1)="F","Female","Male") -> Female
A70: P0069 | B70: 45192.994 | C70: M | D70: 14 | E70: Two or More Races | F70: Orthopedics | G70: TRUE | H70: 4 | I70: 23 | J70: TRUE | K70: =YEAR(Table1[[#This Row],[Patient Admission Date]]) -> 2023 | L70: =TEXT(Table1[[#This Row],[Patient Admission Date]],"mmm") -> Sep | M70: =TEXT(Table1[[#This Row],[Patient Admission Date]],"ddd") -> Sat | N70: =TEXT(INT(HOUR(Table1[[#This Row],[Patient Admission Date]])/3)*3,"00")&"-"&TEXT(INT(HOUR(Table1[[#This Row],[Patient Admission Date]])/3)*3+3,"00") -> 21-24 | O70: {=_xlfn.IFS(Table1[[#This Row],[Patient Age]]<=14,"0-14",Table1[[#This Row],[Patient Age]]<=29,"15-29",Table1[[#This Row],[Patient Age]]<=44,"30-44",Table1[[#This Row],[Patient Age]]<=59,"45-59",Table1[[#This Row],[Patient Age]]<=74,"60-74",TRUE,"75+")} -> 0-14 | P70: {=_xlfn.IFS(Table1[[#This Row],[Patient Waittime]]<=15,"0-15",Table1[[#This Row],[Patient Waittime]]<=30,"16-30",Table1[[#This Row],[Patient Waittime]]<=45,"31-45",Table1[[#This Row],[Patient Waittime]]<=60,"46-60",TRUE,"60+")} -> 16-30 | Q70: =--(Table1[[#This Row],[Patient Waittime]]<=30) -> 1 | R70: =--Table1[[#This Row],[Patient Admission Flag]] -> 1 | S70: =--AND(Table1[[#This Row],[WithinTarget]]=1,Table1[[#This Row],[Patient Satisfaction Score]]>=7) -> 0 | T70: =IF(LEFT(Table1[[#This Row],[Patient Gender]],1)="F","Female","Male") -> Male
A71: P0070 | B71: 45099.981 | C71: M | D71: 41 | E71: African American | F71: None | G71: FALSE | H71: 4 | I71: 46 | J71: FALSE | K71: =YEAR(Table1[[#This Row],[Patient Admission Date]]) -> 2023 | L71: =TEXT(Table1[[#This Row],[Patient Admission Date]],"mmm") -> Jun | M71: =TEXT(Table1[[#This Row],[Patient Admission Date]],"ddd") -> Thu | N71: =TEXT(INT(HOUR(Table1[[#This Row],[Patient Admission Date]])/3)*3,"00")&"-"&TEXT(INT(HOUR(Table1[[#This Row],[Patient Admission Date]])/3)*3+3,"00") -> 21-24 | O71: {=_xlfn.IFS(Table1[[#This Row],[Patient Age]]<=14,"0-14",Table1[[#This Row],[Patient Age]]<=29,"15-29",Table1[[#This Row],[Patient Age]]<=44,"30-44",Table1[[#This Row],[Patient Age]]<=59,"45-59",Table1[[#This Row],[Patient Age]]<=74,"60-74",TRUE,"75+")} -> 30-44 | P71: {=_xlfn.IFS(Table1[[#This Row],[Patient Waittime]]<=15,"0-15",Table1[[#This Row],[Patient Waittime]]<=30,"16-30",Table1[[#This Row],[Patient Waittime]]<=45,"31-45",Table1[[#This Row],[Patient Waittime]]<=60,"46-60",TRUE,"60+")} -> 46-60 | Q71: =--(Table1[[#This Row],[Patient Waittime]]<=30) -> 0 | R71: =--Table1[[#This Row],[Patient Admission Flag]] -> 0 | S71: =--AND(Table1[[#This Row],[WithinTarget]]=1,Table1[[#This Row],[Patient Satisfaction Score]]>=7) -> 0 | T71: =IF(LEFT(Table1[[#This Row],[Patient Gender]],1)="F","Female","Male") -> Male
A72: P0071 | B72: 45219.033 | C72: M | D72: 8 | E72: African American | F72: None | G72: FALSE | I72: 37 | J72: FALSE | K72: =YEAR(Table1[[#This Row],[Patient Admission Date]]) -> 2023 | L72: =TEXT(Table1[[#This Row],[Patient Admission Date]],"mmm") -> Oct | M72: =TEXT(Table1[[#This Row],[Patient Admission Date]],"ddd") -> Fri | N72: =TEXT(INT(HOUR(Table1[[#This Row],[Patient Admission Date]])/3)*3,"00")&"-"&TEXT(INT(HOUR(Table1[[#This Row],[Patient Admission Date]])/3)*3+3,"00") -> 00-03 | O72: {=_xlfn.IFS(Table1[[#This Row],[Patient Age]]<=14,"0-14",Table1[[#This Row],[Patient Age]]<=29,"15-29",Table1[[#This Row],[Patient Age]]<=44,"30-44",Table1[[#This Row],[Patient Age]]<=59,"45-59",Table1[[#This Row],[Patient Age]]<=74,"60-74",TRUE,"75+")} -> 0-14 | P72: {=_xlfn.IFS(Table1[[#This Row],[Patient Waittime]]<=15,"0-15",Table1[[#This Row],[Patient Waittime]]<=30,"16-30",Table1[[#This Row],[Patient Waittime]]<=45,"31-45",Table1[[#This Row],[Patient Waittime]]<=60,"46-60",TRUE,"60+")} -> 31-45 | Q72: =--(Table1[[#This Row],[Patient Waittime]]<=30) -> 0 | R72: =--Table1[[#This Row],[Patient Admission Flag]] -> 0 | S72: =--AND(Table1[[#This Row],[WithinTarget]]=1,Table1[[#This Row],[Patient Satisfaction Score]]>=7) -> 0 | T72: =IF(LEFT(Table1[[#This Row],[Patient Gender]],1)="F","Female","Male") -> Male
A73: P0072 | B73: 45573.66 | C73: M | D73: 64 | E73: Pacific Islander | F73: None | G73: FALSE | I73: 59 | J73: FALSE | K73: =YEAR(Table1[[#This Row],[Patient Admission Date]]) -> 2024 | L73: =TEXT(Table1[[#This Row],[Patient Admission Date]],"mmm") -> Oct | M73: =TEXT(Table1[[#This Row],[Patient Admission Date]],"ddd") -> Tue | N73: =TEXT(INT(HOUR(Table1[[#This Row],[Patient Admission Date]])/3)*3,"00")&"-"&TEXT(INT(HOUR(Table1[[#This Row],[Patient Admission Date]])/3)*3+3,"00") -> 15-18 | O73: {=_xlfn.IFS(Table1[[#This Row],[Patient Age]]<=14,"0-14",Table1[[#This Row],[Patient Age]]<=29,"15-29",Table1[[#This Row],[Patient Age]]<=44,"30-44",Table1[[#This Row],[Patient Age]]<=59,"45-59",Table1[[#This Row],[Patient Age]]<=74,"60-74",TRUE,"75+")} -> 60-74 | P73: {=_xlfn.IFS(Table1[[#This Row],[Patient Waittime]]<=15,"0-15",Table1[[#This Row],[Patient Waittime]]<=30,"16-30",Table1[[#This Row],[Patient Waittime]]<=45,"31-45",Table1[[#This Row],[Patient Waittime]]<=60,"46-60",TRUE,"60+")} -> 46-60 | Q73: =--(Table1[[#This Row],[Patient Waittime]]<=30) -> 0 | R73: =--Table1[[#This Row],[Patient Admission Flag]] -> 0 | S73: =--AND(Table1[[#This Row],[WithinTarget]]=1,Table1[[#This Row],[Patient Satisfaction Score]]>=7) -> 0 | T73: =IF(LEFT(Table1[[#This Row],[Patient Gender]],1)="F","Female","Male") -> Male
A74: P0073 | B74: 45423.661 | C74: Female | D74: 76 | E74: Two or More Races | F74: Gastroenterology | G74: TRUE | I74: 34 | J74: TRUE | K74: =YEAR(Table1[[#This Row],[Patient Admission Date]]) -> 2024 | L74: =TEXT(Table1[[#This Row],[Patient Admission Date]],"mmm") -> May | M74: =TEXT(Table1[[#This Row],[Patient Admission Date]],"ddd") -> Sat | N74: =TEXT(INT(HOUR(Table1[[#This Row],[Patient Admission Date]])/3)*3,"00")&"-"&TEXT(INT(HOUR(Table1[[#This Row],[Patient Admission Date]])/3)*3+3,"00") -> 15-18 | O74: {=_xlfn.IFS(Table1[[#This Row],[Patient Age]]<=14,"0-14",Table1[[#This Row],[Patient Age]]<=29,"15-29",Table1[[#This Row],[Patient Age]]<=44,"30-44",Table1[[#This Row],[Patient Age]]<=59,"45-59",Table1[[#This Row],[Patient Age]]<=74,"60-74",TRUE,"75+")} -> 75+ | P74: {=_xlfn.IFS(Table1[[#This Row],[Patient Waittime]]<=15,"0-15",Table1[[#This Row],[Patient Waittime]]<=30,"16-30",Table1[[#This Row],[Patient Waittime]]<=45,"31-45",Table1[[#This Row],[Patient Waittime]]<=60,"46-60",TRUE,"60+")} -> 31-45 | Q74: =--(Table1[[#This Row],[Patient Waittime]]<=30) -> 0 | R74: =--Table1[[#This Row],[Patient Admission Flag]] -> 1 | S74: =--AND(Table1[[#This Row],[WithinTarget]]=1,Table1[[#This Row],[Patient Satisfaction Score]]>=7) -> 0 | T74: =IF(LEFT(Table1[[#This Row],[Patient Gender]],1)="F","Female","Male") -> Female
A75: P0074 | B75: 45373.117 | C75: Female | D75: 17 | E75: African American | F75: General Practice | G75: TRUE | I75: 27 | J75: TRUE | K75: =YEAR(Table1[[#This Row],[Patient Admission Date]]) -> 2024 | L75: =TEXT(Table1[[#This Row],[Patient Admission Date]],"mmm") -> Mar | M75: =TEXT(Table1[[#This Row],[Patient Admission Date]],"ddd") -> Fri | N75: =TEXT(INT(HOUR(Table1[[#This Row],[Patient Admission Date]])/3)*3,"00")&"-"&TEXT(INT(HOUR(Table1[[#This Row],[Patient Admission Date]])/3)*3+3,"00") -> 00-03 | O75: {=_xlfn.IFS(Table1[[#This Row],[Patient Age]]<=14,"0-14",Table1[[#This Row],[Patient Age]]<=29,"15-29",Table1[[#This Row],[Patient Age]]<=44,"30-44",Table1[[#This Row],[Patient Age]]<=59,"45-59",Table1[[#This Row],[Patient Age]]<=74,"60-74",TRUE,"75+")} -> 15-29 | P75: {=_xlfn.IFS(Table1[[#This Row],[Patient Waittime]]<=15,"0-15",Table1[[#This Row],[Patient Waittime]]<=30,"16-30",Table1[[#This Row],[Patient Waittime]]<=45,"31-45",Table1[[#This Row],[Patient Waittime]]<=60,"46-60",TRUE,"60+")} -> 16-30 | Q75: =--(Table1[[#This Row],[Patient Waittime]]<=30) -> 1 | R75: =--Table1[[#This Row],[Patient Admission Flag]] -> 1 | S75: =--AND(Table1[[#This Row],[WithinTarget]]=1,Table1[[#This Row],[Patient Satisfaction Score]]>=7) -> 0 | T75: =IF(LEFT(Table1[[#This Row],[Patient Gender]],1)="F","Female","Male") -> Female
A76: P0075 | B76: 45174.429 | C76: M | D76: 38 | E76: Two or More Races | F76: None | G76: FALSE | I76: 55 | J76: FALSE | K76: =YEAR(Table1[[#This Row],[Patient Admission Date]]) -> 2023 | L76: =TEXT(Table1[[#This Row],[Patient Admission Date]],"mmm") -> Sep | M76: =TEXT(Table1[[#This Row],[Patient Admission Date]],"ddd") -> Tue | N76: =TEXT(INT(HOUR(Table1[[#This Row],[Patient Admission Date]])/3)*3,"00")&"-"&TEXT(INT(HOUR(Table1[[#This Row],[Patient Admission Date]])/3)*3+3,"00") -> 09-12 | O76: {=_xlfn.IFS(Table1[[#This Row],[Patient Age]]<=14,"0-14",Table1[[#This Row],[Patient Age]]<=29,"15-29",Table1[[#This Row],[Patient Age]]<=44,"30-44",Table1[[#This Row],[Patient Age]]<=59,"45-59",Table1[[#This Row],[Patient Age]]<=74,"60-74",TRUE,"75+")} -> 30-44 | P76: {=_xlfn.IFS(Table1[[#This Row],[Patient Waittime]]<=15,"0-15",Table1[[#This Row],[Patient Waittime]]<=30,"16-30",Table1[[#This Row],[Patient Waittime]]<=45,"31-45",Table1[[#This Row],[Patient Waittime]]<=60,"46-60",TRUE,"60+")} -> 46-60 | Q76: =--(Table1[[#This Row],[Patient Waittime]]<=30) -> 0 | R76: =--Table1[[#This Row],[Patient Admission Flag]] -> 0 | S76: =--AND(Table1[[#This Row],[WithinTarget]]=1,Table1[[#This Row],[Patient Satisfaction Score]]>=7) -> 0 | T76: =IF(LEFT(Table1[[#This Row],[Patient Gender]],1)="F","Female","Male") -> Male
A77: P0076 | B77: 45110.852 | C77: F | D77: 75 | E77: White | F77: Cardiology | G77: TRUE | I77: 34 | J77: TRUE | K77: =YEAR(Table1[[#This Row],[Patient Admission Date]]) -> 2023 | L77: =TEXT(Table1[[#This Row],[Patient Admission Date]],"mmm") -> Jul | M77: =TEXT(Table1[[#This Row],[Patient Admission Date]],"ddd") -> Mon | N77: =TEXT(INT(HOUR(Table1[[#This Row],[Patient Admission Date]])/3)*3,"00")&"-"&TEXT(INT(HOUR(Table1[[#This Row],[Patient Admission Date]])/3)*3+3,"00") -> 18-21 | O77: {=_xlfn.IFS(Table1[[#This Row],[Patient Age]]<=14,"0-14",Table1[[#This Row],[Patient Age]]<=29,"15-29",Table1[[#This Row],[Patient Age]]<=44,"30-44",Table1[[#This Row],[Patient Age]]<=59,"45-59",Table1[[#This Row],[Patient Age]]<=74,"60-74",TRUE,"75+")} -> 75+ | P77: {=_xlfn.IFS(Table1[[#This Row],[Patient Waittime]]<=15,"0-15",Table1[[#This Row],[Patient Waittime]]<=30,"16-30",Table1[[#This Row],[Patient Waittime]]<=45,"31-45",Table1[[#This Row],[Patient Waittime]]<=60,"46-60",TRUE,"60+")} -> 31-45 | Q77: =--(Table1[[#This Row],[Patient Waittime]]<=30) -> 0 | R77: =--Table1[[#This Row],[Patient Admission Flag]] -> 1 | S77: =--AND(Table1[[#This Row],[WithinTarget]]=1,Table1[[#This Row],[Patient Satisfaction Score]]>=7) -> 0 | T77: =IF(LEFT(Table1[[#This Row],[Patient Gender]],1)="F","Female","Male") -> Female
A78: P0077 | B78: 45420.752 | C78: M | D78: 77 | E78: Native American/Alaska Native | F78: General Practice | G78: FALSE | H78: 0 | I78: 17 | J78: FALSE | K78: =YEAR(Table1[[#This Row],[Patient Admission Date]]) -> 2024 | L78: =TEXT(Table1[[#This Row],[Patient Admission Date]],"mmm") -> May | M78: =TEXT(Table1[[#This Row],[Patient Admission Date]],"ddd") -> Wed | N78: =TEXT(INT(HOUR(Table1[[#This Row],[Patient Admission Date]])/3)*3,"00")&"-"&TEXT(INT(HOUR(Table1[[#This Row],[Patient Admission Date]])/3)*3+3,"00") -> 18-21 | O78: {=_xlfn.IFS(Table1[[#This Row],[Patient Age]]<=14,"0-14",Table1[[#This Row],[Patient Age]]<=29,"15-29",Table1[[#This Row],[Patient Age]]<=44,"30-44",Table1[[#This Row],[Patient Age]]<=59,"45-59",Table1[[#This Row],[Patient Age]]<=74,"60-74",TRUE,"75+")} -> 75+ | P78: {=_xlfn.IFS(Table1[[#This Row],[Patient Waittime]]<=15,"0-15",Table1[[#This Row],[Patient Waittime]]<=30,"16-30",Table1[[#This Row],[Patient Waittime]]<=45,"31-45",Table1[[#This Row],[Patient Waittime]]<=60,"46-60",TRUE,"60+")} -> 16-30 | Q78: =--(Table1[[#This Row],[Patient Waittime]]<=30) -> 1 | R78: =--Table1[[#This Row],[Patient Admission Flag]] -> 0 | S78: =--AND(Table1[[#This Row],[WithinTarget]]=1,Table1[[#This Row],[Patient Satisfaction Score]]>=7) -> 0 | T78: =IF(LEFT(Table1[[#This Row],[Patient Gender]],1)="F","Female","Male") -> Male
A79: P0078 | B79: 45297.861 | C79: M | D79: 34 | E79: Asian | F79: None | G79: TRUE | I79: 40 | J79: TRUE | K79: =YEAR(Table1[[#This Row],[Patient Admission Date]]) -> 2024 | L79: =TEXT(Table1[[#This Row],[Patient Admission Date]],"mmm") -> Jan | M79: =TEXT(Table1[[#This Row],[Patient Admission Date]],"ddd") -> Sat | N79: =TEXT(INT(HOUR(Table1[[#This Row],[Patient Admission Date]])/3)*3,"00")&"-"&TEXT(INT(HOUR(Table1[[#This Row],[Patient Admission Date]])/3)*3+3,"00") -> 18-21 | O79: {=_xlfn.IFS(Table1[[#This Row],[Patient Age]]<=14,"0-14",Table1[[#This Row],[Patient Age]]<=29,"15-29",Table1[[#This Row],[Patient Age]]<=44,"30-44",Table1[[#This Row],[Patient Age]]<=59,"45-59",Table1[[#This Row],[Patient Age]]<=74,"60-74",TRUE,"75+")} -> 30-44 | P79: {=_xlfn.IFS(Table1[[#This Row],[Patient Waittime]]<=15,"0-15",Table1[[#This Row],[Patient Waittime]]<=30,"16-30",Table1[[#This Row],[Patient Waittime]]<=45,"31-45",Table1[[#This Row],[Patient Waittime]]<=60,"46-60",TRUE,"60+")} -> 31-45 | Q79: =--(Table1[[#This Row],[Patient Waittime]]<=30) -> 0 | R79: =--Table1[[#This Row],[Patient Admission Flag]] -> 1 | S79: =--AND(Table1[[#This Row],[WithinTarget]]=1,Table1[[#This Row],[Patient Satisfaction Score]]>=7) -> 0 | T79: =IF(LEFT(Table1[[#This Row],[Patient Gender]],1)="F","Female","Male") -> Male
A80: P0079 | B80: 45358.417 | C80: F | D80: 26 | E80: Asian | F80: Cardiology | G80: TRUE | H80: 1 | I80: 16 | J80: TRUE | K80: =YEAR(Table1[[#This Row],[Patient Admission Date]]) -> 2024 | L80: =TEXT(Table1[[#This Row],[Patient Admission Date]],"mmm") -> Mar | M80: =TEXT(Table1[[#This Row],[Patient Admission Date]],"ddd") -> Thu | N80: =TEXT(INT(HOUR(Table1[[#This Row],[Patient Admission Date]])/3)*3,"00")&"-"&TEXT(INT(HOUR(Table1[[#This Row],[Patient Admission Date]])/3)*3+3,"00") -> 09-12 | O80: {=_xlfn.IFS(Table1[[#This Row],[Patient Age]]<=14,"0-14",Table1[[#This Row],[Patient Age]]<=29,"15-29",Table1[[#This Row],[Patient Age]]<=44,"30-44",Table1[[#This Row],[Patient Age]]<=59,"45-59",Table1[[#This Row],[Patient Age]]<=74,"60-74",TRUE,"75+")} -> 15-29 | P80: {=_xlfn.IFS(Table1[[#This Row],[Patient Waittime]]<=15,"0-15",Table1[[#This Row],[Patient Waittime]]<=30,"16-30",Table1[[#This Row],[Patient Waittime]]<=45,"31-45",Table1[[#This Row],[Patient Waittime]]<=60,"46-60",TRUE,"60+")} -> 16-30 | Q80: =--(Table1[[#This Row],[Patient Waittime]]<=30) -> 1 | R80: =--Table1[[#This Row],[Patient Admission Flag]] -> 1 | S80: =--AND(Table1[[#This Row],[WithinTarget]]=1,Table1[[#This Row],[Patient Satisfaction Score]]>=7) -> 0 | T80: =IF(LEFT(Table1[[#This Row],[Patient Gender]],1)="F","Female","Male") -> Female
A81: P0080 | B81: 45033.484 | C81: F | D81: 51 | E81: White | F81: General Practice | G81: TRUE | H81: 6 | I81: 25 | J81: TRUE | K81: =YEAR(Table1[[#This Row],[Patient Admission Date]]) -> 2023 | L81: =TEXT(Table1[[#This Row],[Patient Admission Date]],"mmm") -> Apr | M81: =TEXT(Table1[[#This Row],[Patient Admission Date]],"ddd") -> Mon | N81: =TEXT(INT(HOUR(Table1[[#This Row],[Patient Admission Date]])/3)*3,"00")&"-"&TEXT(INT(HOUR(Table1[[#This Row],[Patient Admission Date]])/3)*3+3,"00") -> 09-12 | O81: {=_xlfn.IFS(Table1[[#This Row],[Patient Age]]<=14,"0-14",Table1[[#This Row],[Patient Age]]<=29,"15-29",Table1[[#This Row],[Patient Age]]<=44,"30-44",Table1[[#This Row],[Patient Age]]<=59,"45-59",Table1[[#This Row],[Patient Age]]<=74,"60-74",TRUE,"75+")} -> 45-59 | P81: {=_xlfn.IFS(Table1[[#This Row],[Patient Waittime]]<=15,"0-15",Table1[[#This Row],[Patient Waittime]]<=30,"16-30",Table1[[#This Row],[Patient Waittime]]<=45,"31-45",Table1[[#This Row],[Patient Waittime]]<=60,"46-60",TRUE,"60+")} -> 16-30 | Q81: =--(Table1[[#This Row],[Patient Waittime]]<=30) -> 1 | R81: =--Table1[[#This Row],[Patient Admission Flag]] -> 1 | S81: =--AND(Table1[[#This Row],[WithinTarget]]=1,Table1[[#This Row],[Patient Satisfaction Score]]>=7) -> 0 | T81: =IF(LEFT(Table1[[#This Row],[Patient Gender]],1)="F","Female","Male") -> Female
A82: P0081 | B82: 45126.141 | C82: F | D82: 9 | E82: African American | F82: None | G82: FALSE | I82: 23 | J82: FALSE | K82: =YEAR(Table1[[#This Row],[Patient Admission Date]]) -> 2023 | L82: =TEXT(Table1[[#This Row],[Patient Admission Date]],"mmm") -> Jul | M82: =TEXT(Table1[[#This Row],[Patient Admission Date]],"ddd") -> Wed | N82: =TEXT(INT(HOUR(Table1[[#This Row],[Patient Admission Date]])/3)*3,"00")&"-"&TEXT(INT(HOUR(Table1[[#This Row],[Patient Admission Date]])/3)*3+3,"00") -> 03-06 | O82: {=_xlfn.IFS(Table1[[#This Row],[Patient Age]]<=14,"0-14",Table1[[#This Row],[Patient Age]]<=29,"15-29",Table1[[#This Row],[Patient Age]]<=44,"30-44",Table1[[#This Row],[Patient Age]]<=59,"45-59",Table1[[#This Row],[Patient Age]]<=74,"60-74",TRUE,"75+")} -> 0-14 | P82: {=_xlfn.IFS(Table1[[#This Row],[Patient Waittime]]<=15,"0-15",Table1[[#This Row],[Patient Waittime]]<=30,"16-30",Table1[[#This Row],[Patient Waittime]]<=45,"31-45",Table1[[#This Row],[Patient Waittime]]<=60,"46-60",TRUE,"60+")} -> 16-30 | Q82: =--(Table1[[#This Row],[Patient Waittime]]<=30) -> 1 | R82: =--Table1[[#This Row],[Patient Admission Flag]] -> 0 | S82: =--AND(Table1[[#This Row],[WithinTarget]]=1,Table1[[#This Row],[Patient Satisfaction Score]]>=7) -> 0 | T82: =IF(LEFT(Table1[[#This Row],[Patient Gender]],1)="F","Female","Male") -> Female
A83: P0082 | B83: 45458.157 | C83: F | D83: 71 | E83: Two or More Races | F83: None | G83: TRUE | I83: 51 | J83: TRUE | K83: =YEAR(Table1[[#This Row],[Patient Admission Date]]) -> 2024 | L83: =TEXT(Table1[[#This Row],[Patient Admission Date]],"mmm") -> Jun | M83: =TEXT(Table1[[#This Row],[Patient Admission Date]],"ddd") -> Sat | N83: =TEXT(INT(HOUR(Table1[[#This Row],[Patient Admission Date]])/3)*3,"00")&"-"&TEXT(INT(HOUR(Table1[[#This Row],[Patient Admission Date]])/3)*3+3,"00") -> 03-06 | O83: {=_xlfn.IFS(Table1[[#This Row],[Patient Age]]<=14,"0-14",Table1[[#This Row],[Patient Age]]<=29,"15-29",Table1[[#This Row],[Patient Age]]<=44,"30-44",Table1[[#This Row],[Patient Age]]<=59,"45-59",Table1[[#This Row],[Patient Age]]<=74,"60-74",TRUE,"75+")} -> 60-74 | P83: {=_xlfn.IFS(Table1[[#This Row],[Patient Waittime]]<=15,"0-15",Table1[[#This Row],[Patient Waittime]]<=30,"16-30",Table1[[#This Row],[Patient Waittime]]<=45,"31-45",Table1[[#This Row],[Patient Waittime]]<=60,"46-60",TRUE,"60+")} -> 46-60 | Q83: =--(Table1[[#This Row],[Patient Waittime]]<=30) -> 0 | R83: =--Table1[[#This Row],[Patient Admission Flag]] -> 1 | S83: =--AND(Table1[[#This Row],[WithinTarget]]=1,Table1[[#This Row],[Patient Satisfaction Score]]>=7) -> 0 | T83: =IF(LEFT(Table1[[#This Row],[Patient Gender]],1)="F","Female","Male") -> Female
A84: P0083 | B84: 45247.266 | C84: M | D84: 51 | E84: African American | F84: None | G84: FALSE | I84: 33 | J84: FALSE | K84: =YEAR(Table1[[#This Row],[Patient Admission Date]]) -> 2023 | L84: =TEXT(Table1[[#This Row],[Patient Admission Date]],"mmm") -> Nov | M84: =TEXT(Table1[[#This Row],[Patient Admission Date]],"ddd") -> Fri | N84: =TEXT(INT(HOUR(Table1[[#This Row],[Patient Admission Date]])/3)*3,"00")&"-"&TEXT(INT(HOUR(Table1[[#This Row],[Patient Admission Date]])/3)*3+3,"00") -> 06-09 | O84: {=_xlfn.IFS(Table1[[#This Row],[Patient Age]]<=14,"0-14",Table1[[#This Row],[Patient Age]]<=29,"15-29",Table1[[#This Row],[Patient Age]]<=44,"30-44",Table1[[#This Row],[Patient Age]]<=59,"45-59",Table1[[#This Row],[Patient Age]]<=74,"60-74",TRUE,"75+")} -> 45-59 | P84: {=_xlfn.IFS(Table1[[#This Row],[Patient Waittime]]<=15,"0-15",Table1[[#This Row],[Patient Waittime]]<=30,"16-30",Table1[[#This Row],[Patient Waittime]]<=45,"31-45",Table1[[#This Row],[Patient Waittime]]<=60,"46-60",TRUE,"60+")} -> 31-45 | Q84: =--(Table1[[#This Row],[Patient Waittime]]<=30) -> 0 | R84: =--Table1[[#This Row],[Patient Admission Flag]] -> 0 | S84: =--AND(Table1[[#This Row],[WithinTarget]]=1,Table1[[#This Row],[Patient Satisfaction Score]]>=7) -> 0 | T84: =IF(LEFT(Table1[[#This Row],[Patient Gender]],1)="F","Female","Male") -> Male
A85: P0084 | B85: 45456.844 | C85: F | D85: 73 | E85: Asian | F85: Gastroenterology | G85: FALSE | H85: 0 | I85: 10 | J85: FALSE | K85: =YEAR(Table1[[#This Row],[Patient Admission Date]]) -> 2024 | L85: =TEXT(Table1[[#This Row],[Patient Admission Date]],"mmm") -> Jun | M85: =TEXT(Table1[[#This Row],[Patient Admission Date]],"ddd") -> Thu | N85: =TEXT(INT(HOUR(Table1[[#This Row],[Patient Admission Date]])/3)*3,"00")&"-"&TEXT(INT(HOUR(Table1[[#This Row],[Patient Admission Date]])/3)*3+3,"00") -> 18-21 | O85: {=_xlfn.IFS(Table1[[#This Row],[Patient Age]]<=14,"0-14",Table1[[#This Row],[Patient Age]]<=29,"15-29",Table1[[#This Row],[Patient Age]]<=44,"30-44",Table1[[#This Row],[Patient Age]]<=59,"45-59",Table1[[#This Row],[Patient Age]]<=74,"60-74",TRUE,"75+")} -> 60-74 | P85: {=_xlfn.IFS(Table1[[#This Row],[Patient Waittime]]<=15,"0-15",Table1[[#This Row],[Patient Waittime]]<=30,"16-30",Table1[[#This Row],[Patient Waittime]]<=45,"31-45",Table1[[#This Row],[Patient Waittime]]<=60,"46-60",TRUE,"60+")} -> 0-15 | Q85: =--(Table1[[#This Row],[Patient Waittime]]<=30) -> 1 | R85: =--Table1[[#This Row],[Patient Admission Flag]] -> 0 | S85: =--AND(Table1[[#This Row],[WithinTarget]]=1,Table1[[#This Row],[Patient Satisfaction Score]]>=7) -> 0 | T85: =IF(LEFT(Table1[[#This Row],[Patient Gender]],1)="F","Female","Male") -> Female
A86: P0085 | B86: 45079.322 | C86: F | D86: 46 | E86: White | F86: Physiotherapy | G86: FALSE | H86: 5 | I86: 50 | J86: FALSE | K86: =YEAR(Table1[[#This Row],[Patient Admission Date]]) -> 2023 | L86: =TEXT(Table1[[#This Row],[Patient Admission Date]],"mmm") -> Jun | M86: =TEXT(Table1[[#This Row],[Patient Admission Date]],"ddd") -> Fri | N86: =TEXT(INT(HOUR(Table1[[#This Row],[Patient Admission Date]])/3)*3,"00")&"-"&TEXT(INT(HOUR(Table1[[#This Row],[Patient Admission Date]])/3)*3+3,"00") -> 06-09 | O86: {=_xlfn.IFS(Table1[[#This Row],[Patient Age]]<=14,"0-14",Table1[[#This Row],[Patient Age]]<=29,"15-29",Table1[[#This Row],[Patient Age]]<=44,"30-44",Table1[[#This Row],[Patient Age]]<=59,"45-59",Table1[[#This Row],[Patient Age]]<=74,"60-74",TRUE,"75+")} -> 45-59 | P86: {=_xlfn.IFS(Table1[[#This Row],[Patient Waittime]]<=15,"0-15",Table1[[#This Row],[Patient Waittime]]<=30,"16-30",Table1[[#This Row],[Patient Waittime]]<=45,"31-45",Table1[[#This Row],[Patient Waittime]]<=60,"46-60",TRUE,"60+")} -> 46-60 | Q86: =--(Table1[[#This Row],[Patient Waittime]]<=30) -> 0 | R86: =--Table1[[#This Row],[Patient Admission Flag]] -> 0 | S86: =--AND(Table1[[#This Row],[WithinTarget]]=1,Table1[[#This Row],[Patient Satisfaction Score]]>=7) -> 0 | T86: =IF(LEFT(Table1[[#This Row],[Patient Gender]],1)="F","Female","Male") -> Female
A87: P0086 | B87: 45033.335 | C87: F | D87: 13 | E87: White | F87: None | G87: TRUE | H87: 1 | I87: 32 | J87: TRUE | K87: =YEAR(Table1[[#This Row],[Patient Admission Date]]) -> 2023 | L87: =TEXT(Table1[[#This Row],[Patient Admission Date]],"mmm") -> Apr | M87: =TEXT(Table1[[#This Row],[Patient Admission Date]],"ddd") -> Mon | N87: =TEXT(INT(HOUR(Table1[[#This Row],[Patient Admission Date]])/3)*3,"00")&"-"&TEXT(INT(HOUR(Table1[[#This Row],[Patient Admission Date]])/3)*3+3,"00") -> 06-09 | O87: {=_xlfn.IFS(Table1[[#This Row],[Patient Age]]<=14,"0-14",Table1[[#This Row],[Patient Age]]<=29,"15-29",Table1[[#This Row],[Patient Age]]<=44,"30-44",Table1[[#This Row],[Patient Age]]<=59,"45-59",Table1[[#This Row],[Patient Age]]<=74,"60-74",TRUE,"75+")} -> 0-14 | P87: {=_xlfn.IFS(Table1[[#This Row],[Patient Waittime]]<=15,"0-15",Table1[[#This Row],[Patient Waittime]]<=30,"16-30",Table1[[#This Row],[Patient Waittime]]<=45,"31-45",Table1[[#This Row],[Patient Waittime]]<=60,"46-60",TRUE,"60+")} -> 31-45 | Q87: =--(Table1[[#This Row],[Patient Waittime]]<=30) -> 0 | R87: =--Table1[[#This Row],[Patient Admission Flag]] -> 1 | S87: =--AND(Table1[[#This Row],[WithinTarget]]=1,Table1[[#This Row],[Patient Satisfaction Score]]>=7) -> 0 | T87: =IF(LEFT(Table1[[#This Row],[Patient Gender]],1)="F","Female","Male") -> Female
A88: P0087 | B88: 45210.142 | C88: F | D88: 15 | E88: Declined to Identify | F88: General Practice | G88: TRUE | H88: 9 | I88: 15 | J88: TRUE | K88: =YEAR(Table1[[#This Row],[Patient Admission Date]]) -> 2023 | L88: =TEXT(Table1[[#This Row],[Patient Admission Date]],"mmm") -> Oct | M88: =TEXT(Table1[[#This Row],[Patient Admission Date]],"ddd") -> Wed | N88: =TEXT(INT(HOUR(Table1[[#This Row],[Patient Admission Date]])/3)*3,"00")&"-"&TEXT(INT(HOUR(Table1[[#This Row],[Patient Admission Date]])/3)*3+3,"00") -> 03-06 | O88: {=_xlfn.IFS(Table1[[#This Row],[Patient Age]]<=14,"0-14",Table1[[#This Row],[Patient Age]]<=29,"15-29",Table1[[#This Row],[Patient Age]]<=44,"30-44",Table1[[#This Row],[Patient Age]]<=59,"45-59",Table1[[#This Row],[Patient Age]]<=74,"60-74",TRUE,"75+")} -> 15-29 | P88: {=_xlfn.IFS(Table1[[#This Row],[Patient Waittime]]<=15,"0-15",Table1[[#This Row],[Patient Waittime]]<=30,"16-30",Table1[[#This Row],[Patient Waittime]]<=45,"31-45",Table1[[#This Row],[Patient Waittime]]<=60,"46-60",TRUE,"60+")} -> 0-15 | Q88: =--(Table1[[#This Row],[Patient Waittime]]<=30) -> 1 | R88: =--Table1[[#This Row],[Patient Admission Flag]] -> 1 | S88: =--AND(Table1[[#This Row],[WithinTarget]]=1,Table1[[#This Row],[Patient Satisfaction Score]]>=7) -> 1 | T88: =IF(LEFT(Table1[[#This Row],[Patient Gender]],1)="F","Female","Male") -> Female
A89: P0088 | B89: 45216.561 | C89: M | D89: 57 | E89: White | F89: General Practice | G89: TRUE | H89: 2 | I89: 35 | J89: TRUE | K89: =YEAR(Table1[[#This Row],[Patient Admission Date]]) -> 2023 | L89: =TEXT(Table1[[#This Row],[Patient Admission Date]],"mmm") -> Oct | M89: =TEXT(Table1[[#This Row],[Patient Admission Date]],"ddd") -> Tue | N89: =TEXT(INT(HOUR(Table1[[#This Row],[Patient Admission Date]])/3)*3,"00")&"-"&TEXT(INT(HOUR(Table1[[#This Row],[Patient Admission Date]])/3)*3+3,"00") -> 12-15 | O89: {=_xlfn.IFS(Table1[[#This Row],[Patient Age]]<=14,"0-14",Table1[[#This Row],[Patient Age]]<=29,"15-29",Table1[[#This Row],[Patient Age]]<=44,"30-44",Table1[[#This Row],[Patient Age]]<=59,"45-59",Table1[[#This Row],[Patient Age]]<=74,"60-74",TRUE,"75+")} -> 45-59 | P89: {=_xlfn.IFS(Table1[[#This Row],[Patient Waittime]]<=15,"0-15",Table1[[#This Row],[Patient Waittime]]<=30,"16-30",Table1[[#This Row],[Patient Waittime]]<=45,"31-45",Table1[[#This Row],[Patient Waittime]]<=60,"46-60",TRUE,"60+")} -> 31-45 | Q89: =--(Table1[[#This Row],[Patient Waittime]]<=30) -> 0 | R89: =--Table1[[#This Row],[Patient Admission Flag]] -> 1 | S89: =--AND(Table1[[#This Row],[WithinTarget]]=1,Table1[[#This Row],[Patient Satisfaction Score]]>=7) -> 0 | T89: =IF(LEFT(Table1[[#This Row],[Patient Gender]],1)="F","Female","Male") -> Male
A90: P0089 | B90: 45270.883 | C90: M | D90: 16 | E90: Pacific Islander | F90: None | G90: TRUE | H90: 4 | I90: 34 | J90: TRUE | K90: =YEAR(Table1[[#This Row],[Patient Admission Date]]) -> 2023 | L90: =TEXT(Table1[[#This Row],[Patient Admission Date]],"mmm") -> Dec | M90: =TEXT(Table1[[#This Row],[Patient Admission Date]],"ddd") -> Sun | N90: =TEXT(INT(HOUR(Table1[[#This Row],[Patient Admission Date]])/3)*3,"00")&"-"&TEXT(INT(HOUR(Table1[[#This Row],[Patient Admission Date]])/3)*3+3,"00") -> 21-24 | O90: {=_xlfn.IFS(Table1[[#This Row],[Patient Age]]<=14,"0-14",Table1[[#This Row],[Patient Age]]<=29,"15-29",Table1[[#This Row],[Patient Age]]<=44,"30-44",Table1[[#This Row],[Patient Age]]<=59,"45-59",Table1[[#This Row],[Patient Age]]<=74,"60-74",TRUE,"75+")} -> 15-29 | P90: {=_xlfn.IFS(Table1[[#This Row],[Patient Waittime]]<=15,"0-15",Table1[[#This Row],[Patient Waittime]]<=30,"16-30",Table1[[#This Row],[Patient Waittime]]<=45,"31-45",Table1[[#This Row],[Patient Waittime]]<=60,"46-60",TRUE,"60+")} -> 31-45 | Q90: =--(Table1[[#This Row],[Patient Waittime]]<=30) -> 0 | R90: =--Table1[[#This Row],[Patient Admission Flag]] -> 1 | S90: =--AND(Table1[[#This Row],[WithinTarget]]=1,Table1[[#This Row],[Patient Satisfaction Score]]>=7) -> 0 | T90: =IF(LEFT(Table1[[#This Row],[Patient Gender]],1)="F","Female","Male") -> Male
A91: P0090 | B91: 45472.602 | C91: M | D91: 4 | E91: White | F91: Orthopedics | G91: FALSE | I91: 59 | J91: FALSE | K91: =YEAR(Table1[[#This Row],[Patient Admission Date]]) -> 2024 | L91: =TEXT(Table1[[#This Row],[Patient Admission Date]],"mmm") -> Jun | M91: =TEXT(Table1[[#This Row],[Patient Admission Date]],"ddd") -> Sat | N91: =TEXT(INT(HOUR(Table1[[#This Row],[Patient Admission Date]])/3)*3,"00")&"-"&TEXT(INT(HOUR(Table1[[#This Row],[Patient Admission Date]])/3)*3+3,"00") -> 12-15 | O91: {=_xlfn.IFS(Table1[[#This Row],[Patient Age]]<=14,"0-14",Table1[[#This Row],[Patient Age]]<=29,"15-29",Table1[[#This Row],[Patient Age]]<=44,"30-44",Table1[[#This Row],[Patient Age]]<=59,"45-59",Table1[[#This Row],[Patient Age]]<=74,"60-74",TRUE,"75+")} -> 0-14 | P91: {=_xlfn.IFS(Table1[[#This Row],[Patient Waittime]]<=15,"0-15",Table1[[#This Row],[Patient Waittime]]<=30,"16-30",Table1[[#This Row],[Patient Waittime]]<=45,"31-45",Table1[[#This Row],[Patient Waittime]]<=60,"46-60",TRUE,"60+")} -> 46-60 | Q91: =--(Table1[[#This Row],[Patient Waittime]]<=30) -> 0 | R91: =--Table1[[#This Row],[Patient Admission Flag]] -> 0 | S91: =--AND(Table1[[#This Row],[WithinTarget]]=1,Table1[[#This Row],[Patient Satisfaction Score]]>=7) -> 0 | T91: =IF(LEFT(Table1[[#This Row],[Patient Gender]],1)="F","Female","Male") -> Male
A92: P0091 | B92: 45249.822 | C92: F | D92: 32 | E92: African American | F92: None | G92: FALSE | H92: 7 | I92: 14 | J92: FALSE | K92: =YEAR(Table1[[#This Row],[Patient Admission Date]]) -> 2023 | L92: =TEXT(Table1[[#This Row],[Patient Admission Date]],"mmm") -> Nov | M92: =TEXT(Table1[[#This Row],[Patient Admission Date]],"ddd") -> Sun | N92: =TEXT(INT(HOUR(Table1[[#This Row],[Patient Admission Date]])/3)*3,"00")&"-"&TEXT(INT(HOUR(Table1[[#This Row],[Patient Admission Date]])/3)*3+3,"00") -> 18-21 | O92: {=_xlfn.IFS(Table1[[#This Row],[Patient Age]]<=14,"0-14",Table1[[#This Row],[Patient Age]]<=29,"15-29",Table1[[#This Row],[Patient Age]]<=44,"30-44",Table1[[#This Row],[Patient Age]]<=59,"45-59",Table1[[#This Row],[Patient Age]]<=74,"60-74",TRUE,"75+")} -> 30-44 | P92: {=_xlfn.IFS(Table1[[#This Row],[Patient Waittime]]<=15,"0-15",Table1[[#This Row],[Patient Waittime]]<=30,"16-30",Table1[[#This Row],[Patient Waittime]]<=45,"31-45",Table1[[#This Row],[Patient Waittime]]<=60,"46-60",TRUE,"60+")} -> 0-15 | Q92: =--(Table1[[#This Row],[Patient Waittime]]<=30) -> 1 | R92: =--Table1[[#This Row],[Patient Admission Flag]] -> 0 | S92: =--AND(Table1[[#This Row],[WithinTarget]]=1,Table1[[#This Row],[Patient Satisfaction Score]]>=7) -> 1 | T92: =IF(LEFT(Table1[[#This Row],[Patient Gender]],1)="F","Female","Male") -> Female
A93: P0092 | B93: 45553.742 | C93: M | D93: 26 | E93: African American | F93: Orthopedics | G93: TRUE | H93: 8 | I93: 38 | J93: TRUE | K93: =YEAR(Table1[[#This Row],[Patient Admission Date]]) -> 2024 | L93: =TEXT(Table1[[#This Row],[Patient Admission Date]],"mmm") -> Sep | M93: =TEXT(Table1[[#This Row],[Patient Admission Date]],"ddd") -> Wed | N93: =TEXT(INT(HOUR(Table1[[#This Row],[Patient Admission Date]])/3)*3,"00")&"-"&TEXT(INT(HOUR(Table1[[#This Row],[Patient Admission Date]])/3)*3+3,"00") -> 15-18 | O93: {=_xlfn.IFS(Table1[[#This Row],[Patient Age]]<=14,"0-14",Table1[[#This Row],[Patient Age]]<=29,"15-29",Table1[[#This Row],[Patient Age]]<=44,"30-44",Table1[[#This Row],[Patient Age]]<=59,"45-59",Table1[[#This Row],[Patient Age]]<=74,"60-74",TRUE,"75+")} -> 15-29 | P93: {=_xlfn.IFS(Table1[[#This Row],[Patient Waittime]]<=15,"0-15",Table1[[#This Row],[Patient Waittime]]<=30,"16-30",Table1[[#This Row],[Patient Waittime]]<=45,"31-45",Table1[[#This Row],[Patient Waittime]]<=60,"46-60",TRUE,"60+")} -> 31-45 | Q93: =--(Table1[[#This Row],[Patient Waittime]]<=30) -> 0 | R93: =--Table1[[#This Row],[Patient Admission Flag]] -> 1 | S93: =--AND(Table1[[#This Row],[WithinTarget]]=1,Table1[[#This Row],[Patient Satisfaction Score]]>=7) -> 0 | T93: =IF(LEFT(Table1[[#This Row],[Patient Gender]],1)="F","Female","Male") -> Male
A94: P0093 | B94: 45590.44 | C94: F | D94: 9 | E94: Declined to Identify | F94: Neurology | G94: TRUE | I94: 37 | J94: TRUE | K94: =YEAR(Table1[[#This Row],[Patient Admission Date]]) -> 2024 | L94: =TEXT(Table1[[#This Row],[Patient Admission Date]],"mmm") -> Oct | M94: =TEXT(Table1[[#This Row],[Patient Admission Date]],"ddd") -> Fri | N94: =TEXT(INT(HOUR(Table1[[#This Row],[Patient Admission Date]])/3)*3,"00")&"-"&TEXT(INT(HOUR(Table1[[#This Row],[Patient Admission Date]])/3)*3+3,"00") -> 09-12 | O94: {=_xlfn.IFS(Table1[[#This Row],[Patient Age]]<=14,"0-14",Table1[[#This Row],[Patient Age]]<=29,"15-29",Table1[[#This Row],[Patient Age]]<=44,"30-44",Table1[[#This Row],[Patient Age]]<=59,"45-59",Table1[[#This Row],[Patient Age]]<=74,"60-74",TRUE,"75+")} -> 0-14 | P94: {=_xlfn.IFS(Table1[[#This Row],[Patient Waittime]]<=15,"0-15",Table1[[#This Row],[Patient Waittime]]<=30,"16-30",Table1[[#This Row],[Patient Waittime]]<=45,"31-45",Table1[[#This Row],[Patient Waittime]]<=60,"46-60",TRUE,"60+")} -> 31-45 | Q94: =--(Table1[[#This Row],[Patient Waittime]]<=30) -> 0 | R94: =--Table1[[#This Row],[Patient Admission Flag]] -> 1 | S94: =--AND(Table1[[#This Row],[WithinTarget]]=1,Table1[[#This Row],[Patient Satisfaction Score]]>=7) -> 0 | T94: =IF(LEFT(Table1[[#This Row],[Patient Gender]],1)="F","Female","Male") -> Female
A95: P0094 | B95: 45575.187 | C95: F | D95: 10 | E95: White | F95: General Practice | G95: TRUE | I95: 26 | J95: TRUE | K95: =YEAR(Table1[[#This Row],[Patient Admission Date]]) -> 2024 | L95: =TEXT(Table1[[#This Row],[Patient Admission Date]],"mmm") -> Oct | M95: =TEXT(Table1[[#This Row],[Patient Admission Date]],"ddd") -> Thu | N95: =TEXT(INT(HOUR(Table1[[#This Row],[Patient Admission Date]])/3)*3,"00")&"-"&TEXT(INT(HOUR(Table1[[#This Row],[Patient Admission Date]])/3)*3+3,"00") -> 03-06 | O95: {=_xlfn.IFS(Table1[[#This Row],[Patient Age]]<=14,"0-14",Table1[[#This Row],[Patient Age]]<=29,"15-29",Table1[[#This Row],[Patient Age]]<=44,"30-44",Table1[[#This Row],[Patient Age]]<=59,"45-59",Table1[[#This Row],[Patient Age]]<=74,"60-74",TRUE,"75+")} -> 0-14 | P95: {=_xlfn.IFS(Table1[[#This Row],[Patient Waittime]]<=15,"0-15",Table1[[#This Row],[Patient Waittime]]<=30,"16-30",Table1[[#This Row],[Patient Waittime]]<=45,"31-45",Table1[[#This Row],[Patient Waittime]]<=60,"46-60",TRUE,"60+")} -> 16-30 | Q95: =--(Table1[[#This Row],[Patient Waittime]]<=30) -> 1 | R95: =--Table1[[#This Row],[Patient Admission Flag]] -> 1 | S95: =--AND(Table1[[#This Row],[WithinTarget]]=1,Table1[[#This Row],[Patient Satisfaction Score]]>=7) -> 0 | T95: =IF(LEFT(Table1[[#This Row],[Patient Gender]],1)="F","Female","Male") -> Female
A96: P0095 | B96: 45579.252 | C96: F | D96: 24 | E96: Two or More Races | F96: General Practice | G96: TRUE | I96: 11 | J96: TRUE | K96: =YEAR(Table1[[#This Row],[Patient Admission Date]]) -> 2024 | L96: =TEXT(Table1[[#This Row],[Patient Admission Date]],"mmm") -> Oct | M96: =TEXT(Table1[[#This Row],[Patient Admission Date]],"ddd") -> Mon | N96: =TEXT(INT(HOUR(Table1[[#This Row],[Patient Admission Date]])/3)*3,"00")&"-"&TEXT(INT(HOUR(Table1[[#This Row],[Patient Admission Date]])/3)*3+3,"00") -> 06-09 | O96: {=_xlfn.IFS(Table1[[#This Row],[Patient Age]]<=14,"0-14",Table1[[#This Row],[Patient Age]]<=29,"15-29",Table1[[#This Row],[Patient Age]]<=44,"30-44",Table1[[#This Row],[Patient Age]]<=59,"45-59",Table1[[#This Row],[Patient Age]]<=74,"60-74",TRUE,"75+")} -> 15-29 | P96: {=_xlfn.IFS(Table1[[#This Row],[Patient Waittime]]<=15,"0-15",Table1[[#This Row],[Patient Waittime]]<=30,"16-30",Table1[[#This Row],[Patient Waittime]]<=45,"31-45",Table1[[#This Row],[Patient Waittime]]<=60,"46-60",TRUE,"60+")} -> 0-15 | Q96: =--(Table1[[#This Row],[Patient Waittime]]<=30) -> 1 | R96: =--Table1[[#This Row],[Patient Admission Flag]] -> 1 | S96: =--AND(Table1[[#This Row],[WithinTarget]]=1,Table1[[#This Row],[Patient Satisfaction Score]]>=7) -> 0 | T96: =IF(LEFT(Table1[[#This Row],[Patient Gender]],1)="F","Female","Male") -> Female
A97: P0096 | B97: 45525.042 | C97: M | D97: 27 | E97: White | F97: None | G97: FALSE | I97: 11 | J97: FALSE | K97: =YEAR(Table1[[#This Row],[Patient Admission Date]]) -> 2024 | L97: =TEXT(Table1[[#This Row],[Patient Admission Date]],"mmm") -> Aug | M97: =TEXT(Table1[[#This Row],[Patient Admission Date]],"ddd") -> Wed | N97: =TEXT(INT(HOUR(Table1[[#This Row],[Patient Admission Date]])/3)*3,"00")&"-"&TEXT(INT(HOUR(Table1[[#This Row],[Patient Admission Date]])/3)*3+3,"00") -> 00-03 | O97: {=_xlfn.IFS(Table1[[#This Row],[Patient Age]]<=14,"0-14",Table1[[#This Row],[Patient Age]]<=29,"15-29",Table1[[#This Row],[Patient Age]]<=44,"30-44",Table1[[#This Row],[Patient Age]]<=59,"45-59",Table1[[#This Row],[Patient Age]]<=74,"60-74",TRUE,"75+")} -> 15-29 | P97: {=_xlfn.IFS(Table1[[#This Row],[Patient Waittime]]<=15,"0-15",Table1[[#This Row],[Patient Waittime]]<=30,"16-30",Table1[[#This Row],[Patient Waittime]]<=45,"31-45",Table1[[#This Row],[Patient Waittime]]<=60,"46-60",TRUE,"60+")} -> 0-15 | Q97: =--(Table1[[#This Row],[Patient Waittime]]<=30) -> 1 | R97: =--Table1[[#This Row],[Patient Admission Flag]] -> 0 | S97: =--AND(Table1[[#This Row],[WithinTarget]]=1,Table1[[#This Row],[Patient Satisfaction Score]]>=7) -> 0 | T97: =IF(LEFT(Table1[[#This Row],[Patient Gender]],1)="F","Female","Male") -> Male
A98: P0097 | B98: 45535.276 | C98: M | D98: 26 | E98: White | F98: None | G98: FALSE | H98: 7 | I98: 59 | J98: FALSE | K98: =YEAR(Table1[[#This Row],[Patient Admission Date]]) -> 2024 | L98: =TEXT(Table1[[#This Row],[Patient Admission Date]],"mmm") -> Aug | M98: =TEXT(Table1[[#This Row],[Patient Admission Date]],"ddd") -> Sat | N98: =TEXT(INT(HOUR(Table1[[#This Row],[Patient Admission Date]])/3)*3,"00")&"-"&TEXT(INT(HOUR(Table1[[#This Row],[Patient Admission Date]])/3)*3+3,"00") -> 06-09 | O98: {=_xlfn.IFS(Table1[[#This Row],[Patient Age]]<=14,"0-14",Table1[[#This Row],[Patient Age]]<=29,"15-29",Table1[[#This Row],[Patient Age]]<=44,"30-44",Table1[[#This Row],[Patient Age]]<=59,"45-59",Table1[[#This Row],[Patient Age]]<=74,"60-74",TRUE,"75+")} -> 15-29 | P98: {=_xlfn.IFS(Table1[[#This Row],[Patient Waittime]]<=15,"0-15",Table1[[#This Row],[Patient Waittime]]<=30,"16-30",Table1[[#This Row],[Patient Waittime]]<=45,"31-45",Table1[[#This Row],[Patient Waittime]]<=60,"46-60",TRUE,"60+")} -> 46-60 | Q98: =--(Table1[[#This Row],[Patient Waittime]]<=30) -> 0 | R98: =--Table1[[#This Row],[Patient Admission Flag]] -> 0 | S98: =--AND(Table1[[#This Row],[WithinTarget]]=1,Table1[[#This Row],[Patient Satisfaction Score]]>=7) -> 0 | T98: =IF(LEFT(Table1[[#This Row],[Patient Gender]],1)="F","Female","Male") -> Male
A99: P0098 | B99: 45511.565 | C99: M | D99: 79 | E99: African American | F99: None | G99: FALSE | I99: 29 | J99: FALSE | K99: =YEAR(Table1[[#This Row],[Patient Admission Date]]) -> 2024 | L99: =TEXT(Table1[[#This Row],[Patient Admission Date]],"mmm") -> Aug | M99: =TEXT(Table1[[#This Row],[Patient Admission Date]],"ddd") -> Wed | N99: =TEXT(INT(HOUR(Table1[[#This Row],[Patient Admission Date]])/3)*3,"00")&"-"&TEXT(INT(HOUR(Table1[[#This Row],[Patient Admission Date]])/3)*3+3,"00") -> 12-15 | O99: {=_xlfn.IFS(Table1[[#This Row],[Patient Age]]<=14,"0-14",Table1[[#This Row],[Patient Age]]<=29,"15-29",Table1[[#This Row],[Patient Age]]<=44,"30-44",Table1[[#This Row],[Patient Age]]<=59,"45-59",Table1[[#This Row],[Patient Age]]<=74,"60-74",TRUE,"75+")} -> 75+ | P99: {=_xlfn.IFS(Table1[[#This Row],[Patient Waittime]]<=15,"0-15",Table1[[#This Row],[Patient Waittime]]<=30,"16-30",Table1[[#This Row],[Patient Waittime]]<=45,"31-45",Table1[[#This Row],[Patient Waittime]]<=60,"46-60",TRUE,"60+")} -> 16-30 | Q99: =--(Table1[[#This Row],[Patient Waittime]]<=30) -> 1 | R99: =--Table1[[#This Row],[Patient Admission Flag]] -> 0 | S99: =--AND(Table1[[#This Row],[WithinTarget]]=1,Table1[[#This Row],[Patient Satisfaction Score]]>=7) -> 0 | T99: =IF(LEFT(Table1[[#This Row],[Patient Gender]],1)="F","Female","Male") -> Male
A100: P0099 | B100: 45164.356 | C100: M | D100: 15 | E100: Asian | F100: General Practice | G100: TRUE | H100: 2 | I100: 56 | J100: TRUE | K100: =YEAR(Table1[[#This Row],[Patient Admission Date]]) -> 2023 | L100: =TEXT(Table1[[#This Row],[Patient Admission Date]],"mmm") -> Aug | M100: =TEXT(Table1[[#This Row],[Patient Admission Date]],"ddd") -> Sat | N100: =TEXT(INT(HOUR(Table1[[#This Row],[Patient Admission Date]])/3)*3,"00")&"-"&TEXT(INT(HOUR(Table1[[#This Row],[Patient Admission Date]])/3)*3+3,"00") -> 06-09 | O100: {=_xlfn.IFS(Table1[[#This Row],[Patient Age]]<=14,"0-14",Table1[[#This Row],[Patient Age]]<=29,"15-29",Table1[[#This Row],[Patient Age]]<=44,"30-44",Table1[[#This Row],[Patient Age]]<=59,"45-59",Table1[[#This Row],[Patient Age]]<=74,"60-74",TRUE,"75+")} -> 15-29 | P100: {=_xlfn.IFS(Table1[[#This Row],[Patient Waittime]]<=15,"0-15",Table1[[#This Row],[Patient Waittime]]<=30,"16-30",Table1[[#This Row],[Patient Waittime]]<=45,"31-45",Table1[[#This Row],[Patient Waittime]]<=60,"46-60",TRUE,"60+")} -> 46-60 | Q100: =--(Table1[[#This Row],[Patient Waittime]]<=30) -> 0 | R100: =--Table1[[#This Row],[Patient Admission Flag]] -> 1 | S100: =--AND(Table1[[#This Row],[WithinTarget]]=1,Table1[[#This Row],[Patient Satisfaction Score]]>=7) -> 0 | T100: =IF(LEFT(Table1[[#This Row],[Patient Gender]],1)="F","Female","Male") -> Male
...

Sheet Pivot Report SHEET 
A3: Distinct Count of Patient Id | B3: Average of Patient Waittime | C3: Sum of Admitted Flag | D3: Sum of WithinTarget | E3: Sum of Satiesfied Flag | F3: Average of Patient Satisfaction Score | H3: Row Labels | I3: Distinct Count of Patient Id | J3: Average of Patient Waittime | K3: Distinct Count of Patient Id | L3: Column Labels | AA3: Row Labels | AB3: Average of Patient Waittime | AE3: Row Labels | AF3: Distinct Count of Patient Id | AI3: Row Labels | AJ3: Distinct Count of Patient Id | AM3: Row Labels | AN3: Count of Patient Id
A4: 9216 | B4: 35.259874 | C4: 4612 | D4: 3749 | E4: 370 | F4: 4.992054 | H4: Mar | I4: 506 | J4: 35.879447 | K4: Row Labels | L4: Apr | M4: Aug | N4: Dec | O4: Feb | P4: Jan | Q4: Jul | R4: Jun | S4: Mar | T4: May | U4: Nov | V4: Oct | W4: Sep | AA4: 0-14 | AB4: 35.360666 | AE4: General Practice | AF4: 1840 | AI4: 0-14 | AJ4: 1622 | AM4: Female | AN4: 2132
H5: Apr | I5: 948 | J5: 34.972574 | K5: 0-14 | L5: 168 | M5: 188 | N5: 69 | O5: 58 | P5: 105 | Q5: 173 | R5: 158 | S5: 93 | T5: 186 | U5: 88 | V5: 168 | W5: 168 | AA5: 15-29 | AB5: 35.270405 | AE5: Orthopedics | AF5: 995 | AI5: 15-29 | AJ5: 1801 | AM5: Male | AN5: 2206
H6: Aug | I6: 1024 | J6: 35.730469 | K6: 15-29 | L6: 205 | M6: 192 | N6: 100 | O6: 79 | P6: 93 | Q6: 185 | R6: 218 | S6: 94 | T6: 177 | U6: 80 | V6: 197 | W6: 181 | AA6: 30-44 | AB6: 35.650712 | AE6: Physiotherapy | AF6: 276 | AI6: 30-44 | AJ6: 1755
H7: Feb | I7: 431 | J7: 36.670534 | K7: 30-44 | L7: 165 | M7: 191 | N7: 99 | O7: 97 | P7: 94 | Q7: 163 | R7: 184 | S7: 99 | T7: 210 | U7: 95 | V7: 174 | W7: 184 | AA7: 45-59 | AB7: 35.005199 | AE7: Cardiology | AF7: 248 | AI7: 45-59 | AJ7: 1731
H8: Jan | I8: 513 | J8: 36.323587 | K8: 45-59 | L8: 168 | M8: 188 | N8: 96 | O8: 86 | P8: 96 | Q8: 205 | R8: 164 | S8: 95 | T8: 184 | U8: 85 | V8: 183 | W8: 181 | AA8: 60-74 | AB8: 35.017785 | AE8: Neurology | AF8: 193 | AI8: 60-74 | AJ8: 1743
H9: Jul | I9: 952 | J9: 34.965336 | K9: 60-74 | L9: 181 | M9: 201 | N9: 98 | O9: 83 | P9: 97 | Q9: 164 | R9: 206 | S9: 98 | T9: 188 | U9: 92 | V9: 171 | W9: 164 | AA9: 75+ | AB9: 35.25 | AE9: Gastroenterology | AF9: 178 | AI9: 75+ | AJ9: 564
H10: Jun | I10: 991 | J10: 35.544904 | K10: 75+ | L10: 61 | M10: 64 | N10: 27 | O10: 28 | P10: 28 | Q10: 62 | R10: 61 | S10: 27 | T10: 54 | U10: 24 | V10: 71 | W10: 57 | AE10: Renal | AF10: 86
H11: May | I11: 999 | J11: 35.146146
A12: Patients | B12: =GETPIVOTDATA("[Measures].[Distinct Count of Patient Id 2]",$A$3) -> 9216 | H12: Oct | I12: 964 | J12: 34.502075
A13: Avg Wait | B13: =GETPIVOTDATA("[Measures].[Average of Patient Waittime 2]",$A$3) -> 35.259874 | H13: Sep | I13: 935 | J13: 34.663102
A14: Satisfaction | B14: =GETPIVOTDATA("[Measures].[Average of Patient Satisfaction Score 2]",$A$3) -> 4.992054 | H14: Dec | I14: 489 | J14: 34.764826
A15: Admitted | B15: =GETPIVOTDATA("[Measures].[Sum of Admitted Flag]",$A$3) -> 4612 | H15: Nov | I15: 464 | J15: 35.185345 | AB15: Row Labels | AC15: Average of Patient Satisfaction Score
A16: Seen In Time | B16: =GETPIVOTDATA("[Measures].[Sum of WithinTarget]",$A$3) -> 3749 | AB16: 10-19 | AC16: 5.2635815
A17: Satisfied | B17: =GETPIVOTDATA("[Measures].[Sum of Satiesfied Flag]",$A$3) -> 370 | AB17: 20-29 | AC17: 4.9118943
A18: Admission Rate | B18: =B15/B12 -> 0.50043403 | D18: Count of Patient Id | E18: Column Labels | AB18: 30-39 | AC18: 4.7962963
D19: Row Labels | E19: Sun | F19: Mon | G19: Tue | H19: Wed | I19: Thu | J19: Fri | K19: Sat | L19: Grand Total | AB19: 40-49 | AC19: 5.0447471
D20: 00-03 | E20: 169 | F20: 163 | G20: 160 | H20: 158 | I20: 152 | J20: 171 | K20: 181 | L20: 1154 | AB20: 50-60 | AC20: 4.9381625
A21: Row Labels | B21: Count of Patient Id | D21: 03-06 | E21: 157 | F21: 187 | G21: 176 | H21: 152 | I21: 158 | J21: 153 | K21: 179 | L21: 1162 | AB21: Grand Total | AC21: 4.992054
A22: 00-03 | B22: 1154 | D22: 06-09 | E22: 166 | F22: 147 | G22: 174 | H22: 160 | I22: 183 | J22: 184 | K22: 162 | L22: 1176
A23: 03-06 | B23: 1162 | D23: 09-12 | E23: 152 | F23: 160 | G23: 167 | H23: 156 | I23: 165 | J23: 167 | K23: 173 | L23: 1140
A24: 06-09 | B24: 1176 | D24: 12-15 | E24: 164 | F24: 161 | G24: 147 | H24: 173 | I24: 163 | J24: 152 | K24: 184 | L24: 1144
A25: 09-12 | B25: 1140 | D25: 15-18 | E25: 164 | F25: 157 | G25: 170 | H25: 163 | I25: 174 | J25: 155 | K25: 148 | L25: 1131
A26: 12-15 | B26: 1144 | D26: 18-21 | E26: 170 | F26: 179 | G26: 134 | H26: 145 | I26: 168 | J26: 164 | K26: 165 | L26: 1125
A27: 15-18 | B27: 1131 | D27: 21-24 | E27: 176 | F27: 160 | G27: 177 | H27: 153 | I27: 169 | J27: 164 | K27: 185 | L27: 1184
A28: 18-21 | B28: 1125 | D28: Grand Total | E28: 1318 | F28: 1314 | G28: 1305 | H28: 1260 | I28: 1332 | J28: 1310 | K28: 1377 | L28: 9216
A29: 21-24 | B29: 1184

Sheet Chart Data
A1: GAUGE DATA
A2: Max | B2: =90 -> 90
A3: Target | B3: =30 -> 30
A4: Value | B4: =MIN('Pivot Report SHEET '!B13,'Chart Data'!B2) -> 35.259874
A5: Rest | B5: =B2-B4 -> 54.740126
A6: Hidden | B6: =B2 -> 90
A9: Stage | B9: Spacer | C9: Value
A10: Arrived | B10: =(MAX($C$10:$C$12)-C10)/2 -> 0 | C10: ='Pivot Report SHEET '!B12 -> 9216
A11: Seen Within target | B11: =(MAX($C$10:$C$12)-C11)/2 -> 2733.5 | C11: ='Pivot Report SHEET '!B16 -> 3749
A12: Satisfied | B12: =(MAX($C$10:$C$12)-C12)/2 -> 4423 | C12: ='Pivot Report SHEET '!B17 -> 370
A16: ="Total Patients Processed : "&TEXT('Pivot Report SHEET '!B12,"#,##0") -> Total Patients Processed : 9,216
A17: ="Seen within target: "&TEXT('Pivot Report SHEET '!B16/'Pivot Report SHEET '!B12,"0%") -> Seen within target: 41%
A18: ="Satisfaction Rating: "&TEXT('Pivot Report SHEET '!B14,"0.0")&"/5.0 | Admission Rate: "&TEXT('Pivot Report SHEET '!B18,"0%") -> Satisfaction Rating: 5.0/5.0 | Admission Rate: 50%
A19: ="Target: "&B3&" MIN | Current AVG: "&TEXT('Pivot Report SHEET '!B13,"0.0")&"min ("&IF('Pivot Report SHEET '!B13<=B3,"on target","above target")&")" -> Target: 30 MIN | Current AVG: 35.3min (above target)

Sheet Dashboard
A1: s
G28: S
